title,area,district,address,per_price,total_price,room,square,house_type,sell_state,house_agent
碧桂园东湖1号,增城,荔城增江,增江街东湖西路1号,25000 元/平(均价),总价750万/套起,7室,建面 300㎡,商业类,在售,
越秀保利爱特城,黄埔,香雪,云诚路8号,20000 元/平(均价),,,,商业,在售,
碧桂园从化1960,从化,河滨北路,街口河滨北路86号（河岛公园旁）,26000 元/平(均价),,,,商业,在售,
侨雅苑(花都区),花都,花东镇,花东镇侨雅苑,12000 元/平(均价),总价120万/套起,3室,建面 100-117㎡,住宅,在售,
广地花园,番禺,星河湾,广州番禺华快出口左侧,40000 元/平(均价),总价320万/套起,2室/3室,建面 80-117㎡,住宅,在售,
百花山庄,增城,荔城西区,百花路88号,1000 万/套(总价),总价1000万/套起,5室/6室/7室/9室,建面 317-1235㎡,别墅,在售,
佳滨苑,海珠,前进路,海印桥南东晓路与仲恺路交汇处,70000 元/平(均价),,,,商业,在售,
真功夫总部大楼,南沙,金洲,上隆岭路功夫街1号,19000 元/平(均价),总价106万/套起,1室/2室,建面 55-102㎡,商业类,在售,
越秀星汇云城,白云,同和,广州大道北同宝路163号,52000 元/平(均价),,,,商业,在售,
中海联智汇城,增城,新塘北,新塘镇荔新十一路99号白石派出所旁,13000 元/平(均价),总价37万/套起,0室/2室,建面 34-49㎡,商业类,在售,
保利花城纪,从化,江埔街,江浦镇灌村路,17000 元/平(均价),总价155万/套起,3室/4室,建面 61-107㎡,住宅,在售,
远洋招商保利东湾,增城,朱村,朱村大道西163号,24000 元/平(均价),总价230万/套起,3室/4室,建面 96-110㎡,住宅,在售,
尚塬颐都汇,天河,沙河,先烈东横路60号,22000 元/平(均价),总价152万/套起,1室/3室,建面 46-133㎡,商业类,在售,
广州亚运城,番禺,亚运城,番禺区石楼镇亚运南路,35000 元/平(均价),,,,商业,在售,
金地壹阅府,番禺,万博,番禺区兴南大道与万博二路交汇处,45000 元/平(均价),总价1500万/套起,4室,建面 310㎡,商业类,在售,
佳兆业城市广场,黄埔,沙村,盛凯大街6号（开创大道与黄埔东路交汇处）,19000 元/平(均价),总价95万/套起,2室/4室,建面 50-75㎡,商业类,在售,
碧桂园朝花,荔湾,鹤洞,花地大道中（西塱地铁站D出口）,37000 元/平(均价),总价122万/套起,2室,建面 33㎡,商业类,在售,
尚上名筑二期,番禺,亚运城,石楼镇南环路131号,1135 万/套(总价),,,,别墅,在售,
云山壹品,白云,白云大道南,金信路125号,69000 元/平(均价),总价396.5万/套起,1室/3室/4室,建面 61-189㎡,住宅,在售,
沁园,黄埔,香雪,开源大道201号,60000 元/平(均价),,,,商业类,在售,
远洋天骄,天河,天河客运站,元岗路68号,20000 元/平(均价),,,,商业,在售,
保利东郡,荔湾,广钢新城,开拓路与求实一横路交界处,52000 元/平(均价),总价364万/套起,2室/3室,建面 70-110㎡,住宅,在售,
五矿万樾台,番禺,雅居乐,兴南大道723号五矿万樾台,85000 元/平(均价),,,,别墅,在售,
合家和府,从化,旺城片区,城郊街城新路136号,15000 元/平(均价),总价145万/套起,2室/3室,建面 90-124㎡,住宅,在售,
珠江铂世湾,番禺,雅居乐,万博江山帝景高尔夫东侧,42000 元/平(均价),总价412万/套起,3室/5室,建面 95-131㎡,住宅,在售,
天睿,番禺,会江,石北工业路（大石地铁站与会江地铁站之间）,65000 元/平(均价),总价780万/套起,5室,建面 120㎡,商业类,在售,
宝夏花园,黄埔,夏园,南湾大街31号,29000 元/平(均价),总价270万/套起,3室,建面 91-99㎡,住宅,在售,
碧桂园从化1960,从化,河滨北路,街口河滨北路86号（河岛公园旁）,13000 元/平(均价),总价50万/套起,1室/2室,建面 37-80㎡,商业类,在售,
科慧花园,增城,朱村,地铁21号线凤岗站（碧桂园城市花园对面）,23000 元/平(均价),总价90万/套起,1室/2室/3室/5室,建面 39-205㎡,住宅,在售,
越秀国际总部广场,南沙,金洲,双山大道与金隆路交汇处,22000 元/平(均价),总价115万/套起,3室/4室,建面 51-64㎡,商业类,在售,
逸合中心,荔湾,鹤洞,浣花路荔湾儿童公园西侧,42000 元/平(均价),总价126万/套起,2室/3室,建面 30-55㎡,商业类,在售,
越秀天珹,南沙,金洲,双山大道与金隆路交汇处,31000 元/平(均价),总价200万/套起,2室/3室/4室,建面 75-127㎡,住宅,在售,
君立国际公寓,白云,同和,同和路318号,32000 元/平(均价),总价92万/套起,1室/2室/3室,建面 39-82㎡,商业类,在售,
时代香海彼岸,南沙,南沙旧镇,漾滨路,30000 元/平(均价),总价300万/套起,3室/4室,建面 89-130㎡,住宅,在售,
敏捷尚品国际,南沙,金洲,进港大道183号,15000 元/平(均价),总价86万/套起,1室/2室/3室,建面 57-94㎡,商业类,在售,
三季云城SOHO,白云,黄石,机场路1814号,28500 元/平(均价),总价65万/套起,1室/2室,建面 27-29㎡,商业类,在售,
海伦堡海伦时光,黄埔,大沙地,中山大道东227号,42000 元/平(均价),总价300万/套起,2室/3室,建面 71-92㎡,住宅,在售,
藏珑府,番禺,大石,大石镇礼村105国道,42000 元/平(均价),总价360万/套起,3室/4室,建面 90-140㎡,住宅,在售,
万科未来森林,白云,马务,黄石西路小坪立交引桥,56000 元/平(均价),总价430万/套起,3室/4室,建面 80-95㎡,住宅,在售,
万科海上明月,南沙,黄阁,明月二街5号,23000 元/平(均价),总价162万/套起,3室/4室,建面 75-88㎡,住宅,在售,
保利碧桂园·公园大道,荔湾,广钢新城,开拓路与钢铁大道交汇处（广钢公园南侧）,50000 元/平(均价),总价425万/套起,2室/3室/4室,建面 85-142㎡,住宅,在售,
东江逸珑湾,增城,新塘南,沿江大道39号（甘泉小学东侧）,20000 元/平(均价),总价178万/套起,3室/4室,建面 89-162㎡,住宅,在售,
金地壹阅府,番禺,万博,兴南大道与万博二路交汇处(番禺万达广场北侧),3000 万/套(总价),,,,别墅,在售,
金地壹阅府,番禺,万博,兴南大道与万博二路交汇处,65000 元/平(均价),总价845万/套起,3室/4室,建面 130-180㎡,住宅,在售,
金地仰云,白云,新市,棠涌新塘一巷4号,56000 元/平(均价),总价670万/套起,4室,建面 125-136㎡,住宅,在售,
恒展江山时代花园,增城,朱村,广汕公路朱村段燕岗桥公交站往东800米,27000 元/平(均价),,,,商业,在售,
都湖国际,花都,新区,新华街道新华路192号,33000 元/平(均价),总价249万/套起,2室/3室/4室,建面 83-163㎡,住宅,在售,
广州国际空港中心,花都,镜湖大道,迎宾大道以南,15000 元/平(均价),总价50万/套起,1室/2室,建面 32-41㎡,商业类,在售,
佳兆业未来城,黄埔,开发东区,黄埔东路3889号,18000 元/平(均价),总价150万/套起,2室/3室,建面 76-98㎡,商业类,在售,
天河星作,天河,岑村,合景路99号,45000 元/平(均价),,,,商业,在售,
华发荔湾荟,荔湾,滘口,芳信路华发荔湾荟,35000 元/平(均价),总价147万/套起,2室/3室,建面 42-64㎡,商业类,在售,
中海联睿品,增城,新塘北,民营东路与民营大道东交叉口东南50米,23000 元/平(均价),总价210万/套起,3室/4室,建面 85-107㎡,住宅,在售,
时代紫林,花都,狮岭镇,芙蓉大道北16号,19000 元/平(均价),总价148万/套起,2室/3室,建面 78-110㎡,住宅,在售,
华远雲和墅,白云,东平,白云大道北大一大街23号,32500 万/套(总价),总价32500万/套起,7室,建面 865㎡,别墅,在售,
碧桂园云顶,增城,凤凰城,广园快速路新塘出口凤凰城西侧约1公里处,35000 元/平(均价),总价315万/套起,3室/4室/5室,建面 90-205㎡,住宅,在售,
南沙珠江湾,南沙,南沙旧镇,漾滨路和海滨路交汇处,28500 元/平(均价),,,,商业,在售,
绿地柏玥晶舍,白云,太和,草塘路,37000 元/平(均价),总价340万/套起,3室/4室,建面 98-138㎡,住宅,在售,
时代幸汇,从化,江埔街,江埔街环市东路188号,17500 元/平(均价),总价184万/套起,3室/4室,建面 41-115㎡,住宅,在售,
保利半岛,南沙,黄阁,滨水大道左侧（南沙儿童公园对面）,34000 元/平(均价),总价350万/套起,4室,建面 97-117㎡,住宅,在售,
保利花海湾,荔湾,茶滘,百花路111号,40000 元/平(均价),总价348万/套起,3室/4室,建面 79-146㎡,住宅,在售,
景业东湖洲豪园,南沙,南沙科技园,环市大道南横A口西侧350米处,26500 元/平(均价),总价247万/套起,3室/4室,建面 95-121㎡,住宅,在售,
越秀东坡,南沙,进港大道,双山大道和祈丰路交汇处,25500 元/平(均价),总价209万/套起,3室/4室/5室,建面 87-140㎡,住宅,在售,
碧桂园联合广场,花都,狮岭镇,宝峰南路6-11号,14000 元/平(均价),总价84万/套起,3室/4室,建面 52-75㎡,商业类,在售,
万科白鹭郡,南沙,黄阁,黄阁大道南万科南方公元北侧600米,29000 元/平(均价),总价270万/套起,4室,建面 65-101㎡,住宅,在售,
远洋天骄,天河,天河客运站,元岗路68号,23000 元/平(均价),总价102万/套起,1室,建面 46㎡,商业类,在售,
合生湖山国际,增城,凤凰城,源章大道,21000 元/平(均价),总价265万/套起,3室/4室,建面 82-135㎡,住宅,在售,
保利和光晨樾,荔湾,广钢新城,广钢新城南区中央公园首排,50000 元/平(均价),总价756万/套起,4室,建面 133-143㎡,住宅,在售,
增城一品山湖,增城,荔城增江,增江街初溪村（广东工业大学华立学院旁和新建的北汽汽车城对面）,15500 元/平(均价),总价135万/套起,2室/3室,建面 87-128㎡,住宅,在售,
万科桃源里,增城,派潭镇,派潭大道中与256省道交叉口西100米,200 万/套(总价),总价220万/套起,4室,建面 90㎡,别墅,在售,
大宏锦绣,南沙,南沙旧镇,环市大道南南沙小学对面300米处,23500 元/平(均价),总价215万/套起,2室/3室/4室,建面 90-141㎡,住宅,在售,
万科春风十里,增城,朱村,朱村大道东72号,22000 元/平(均价),总价230万/套起,4室,建面 99-119㎡,住宅,在售,
云溪四季,增城,朱村,朱村街道朱石路旁,18000 元/平(均价),总价160万/套起,3室,建面 80-128㎡,住宅,在售,
越秀滨海新城,南沙,进港大道,金沙路与环市大道北路交汇处,21000 元/平(均价),总价275万/套起,5室,建面 86-141㎡,住宅,在售,
金融街融御,海珠,工业大道南,石岗路12号,62000 元/平(均价),总价663万/套起,3室/4室,建面 102-135㎡,住宅,在售,
路劲天隽峰,花都,旧区,茶园路与宝华路交汇处,27000 元/平(均价),总价340万/套起,4室,建面 95-177㎡,住宅,在售,
锦绣一方,番禺,莲花山,建设路联围小学斜对面,20000 元/平(均价),总价202万/套起,3室,建面 44-145㎡,住宅,在售,
雅居乐海珠小雅,海珠,工业大道南,广纸新城石岗路18号,55000 元/平(均价),总价500万/套起,3室/4室,建面 74-118㎡,住宅,在售,
凯德山海连城,番禺,莲花山,金山大道东龙丰路段,27000 元/平(均价),总价490万/套起,4室,建面 98-188㎡,住宅,在售,
山璟轩,增城,新塘南,新塘镇广深大道东107号（新塘牛仔城对面）,22500 元/平(均价),总价143万/套起,2室/3室,建面 62-88㎡,住宅,在售,
石滩第一城,增城,石滩镇,立新东路57号,14300 元/平(均价),总价131万/套起,3室/4室,建面 90-138㎡,住宅,在售,
实地蔷薇国际,增城,荔城西区,广汕公路三联村蕉冚地段（逸翠庄园旁边）,21000 元/平(均价),总价190万/套起,2室/3室,建面 86-117㎡,住宅,在售,
保利紫云,白云,新市,西苑路103号,45000 元/平(均价),总价460万/套起,3室/4室,建面 86-113㎡,住宅,在售,
保利罗兰国际,黄埔,科学城,开创大道2656号,40000 元/平(均价),总价189万/套起,1室/2室/3室,建面 54-172㎡,住宅,在售,
远洋芙蓉墅,花都,狮岭镇,狮岭镇芙蓉嶂度假区西南处,25000 元/平(均价),总价500万/套起,6室,建面 165-382㎡,别墅,在售,
东方夏湾拿,从化,太平镇,太平镇105国道与夏湾拿大道交界处,19000 元/平(均价),总价590万/套起,5室,建面 271-272㎡,别墅,在售,
恒大山水郡,增城,中新镇,广河高速中新出口右转约500米（S118省道旁）,18500 元/平(均价),总价176万/套起,3室,建面 86-107㎡,住宅,在售,
自由人花园,花都,镜湖大道,镜湖大道与广花路交界处,25000 元/平(均价),总价270万/套起,3室/4室,建面 108-218㎡,住宅,在售,
保利葛洲坝海德公馆,荔湾,广钢新城,鹤洞路保利葛洲坝海德公馆,58000 元/平(均价),总价935万/套起,4室,建面 97-170㎡,住宅,在售,
尚上名筑二期,番禺,亚运城,亚运大道尚上名筑,28000 元/平(均价),总价272万/套起,3室,建面 109㎡,住宅,在售,
亿城泉说,从化,温泉镇,从化区温泉镇悦泉路，明月山溪度假别墅旁200米,30000 元/平(均价),总价415万/套起,1室/2室/4室/6室,建面 104-680㎡,别墅,在售,
南沙珠江湾,南沙,南沙旧镇,漾滨路和海滨路交汇处,16000 元/平(均价),总价76万/套起,1室/2室/4室,建面 47-99㎡,商业类,在售,
帝景山庄,天河,黄村,奥体路转悦景路，临近奥体中心（世界大观旁边）,100000 元/平(均价),总价4300万/套起,5室/6室,建面 430-450㎡,别墅,在售,
家和天曜,天河,黄村,大灵山路自编428号,35000 元/平(均价),总价150万/套起,2室,建面 43-52㎡,商业类,在售,
天河星作,天河,岑村,合景路99号,50000 元/平(均价),总价400万/套起,3室/4室,建面 80-123㎡,住宅,在售,
广州星河丹堤,南沙,环市大道西,黄山鲁森林公园内广州星河丹堤,27000 元/平(均价),总价213万/套起,2室/3室/4室/5室,建面 79-210㎡,住宅,在售,
华发荔湾荟,荔湾,滘口,芳村大道西兴东路（郭村小区以南）,39000 元/平(均价),总价534.3万/套起,4室,建面 95-137㎡,住宅,在售,
合景誉山国际,增城,永和,新新公路,19500 元/平(均价),总价150万/套起,3室,建面 76-126㎡,住宅,在售,
远东御江豪庭,荔湾,茶滘,百花路58号（花地河畔）,40000 元/平(均价),总价428万/套起,3室,建面 85-127㎡,住宅,在售,
嘉御豪庭,增城,石滩镇,增城石滩大道南128号,16500 元/平(均价),总价113万/套起,2室/3室/4室,建面 66-133㎡,住宅,在售,
鸣翠花园四期,海珠,工业大道南,新溪路25号(工业大道南侧、石溪新大围地段),48000 元/平(均价),总价360万/套起,2室/3室,建面 69-114㎡,住宅,在售,
惠百氏广场,增城,白江,增城新塘大林边路6号（广州地铁13号线白江站D1口100米）,25000 元/平(均价),总价195万/套起,2室/3室,建面 75-125㎡,住宅,在售,
实地常春藤,黄埔,科学城,禾丰路与永和大道交叉口西北侧,27000 元/平(均价),总价265万/套起,3室/4室/5室,建面 76-139㎡,住宅,在售,
越秀星汇云城,白云,同和,广州大道北同宝路163号,45000 元/平(均价),总价384万/套起,3室/4室,建面 83-120㎡,住宅,在售,
名城御景绿洲,从化,江埔街,河东南路388号,18000 元/平(均价),总价188万/套起,3室/4室/5室,建面 104-172㎡,住宅,在售,
荔富湖畔,增城,朱村,朱村街朱村大道东88号,23000 元/平(均价),总价177万/套起,2室/3室,建面 77-114㎡,住宅,在售,
尚东阳光雅苑,增城,沙村,新塘镇西宁西路618号,22500 元/平(均价),总价190万/套起,2室/3室,建面 86-108㎡,住宅,在售,
珠江壹城,从化,神岗镇,从化105国道旁（东方夏湾拿对面约2.5公里）,18000 元/平(均价),总价150万/套起,3室/4室,建面 83-200㎡,住宅,在售,
人盛巴厘天地,从化,神岗镇,广从北路263号,15000 元/平(均价),总价156万/套起,3室,建面 74-102㎡,住宅,在售,
天誉半岛花园,海珠,洪德,同福西路16号（滨江西路三江交汇处，洲头咀公园旁）,120000 元/平(均价),总价4440万/套起,5室,建面 350-440㎡,住宅,在售,
中森茗苑,增城,新塘北,石新路中森茗苑,22000 元/平(均价),总价180万/套起,3室,建面 85-88㎡,住宅,在售,
顺欣花园,增城,新塘北,荔新十二路98号,23000 元/平(均价),总价184万/套起,2室/3室/4室,建面 80-135㎡,住宅,在售,
绿湖国际城,增城,石滩镇,石滩镇新城大道旁,16000 元/平(均价),总价153万/套起,3室/4室,建面 85-143㎡,住宅,在售,
恒展江山时代花园,增城,朱村,广汕公路朱村段燕岗桥公交站往东800米,21000 元/平(均价),总价160万/套起,2室/3室,建面 40-115㎡,住宅,在售,
东方名都,增城,白江,东江大道,26000 元/平(均价),总价135万/套起,1室/2室/3室,建面 40-140㎡,住宅,在售,
荔山雅筑,从化,神岗镇,广从公路(105国道) 赤草地铁站旁400米,17500 元/平(均价),总价180万/套起,3室,建面 103-120㎡,住宅,在售,
信业悦都荟,番禺,市桥北,番禺大道北822号,27500 元/平(均价),总价123万/套起,1室/2室,建面 47-61㎡,商业类,在售,
鹅潭湾,荔湾,滘口,芳村大道西,50000 元/平(均价),总价874万/套起,4室/5室/6室,建面 168-370㎡,住宅,在售,
恒大御府,白云,梅花园,怡新路229号,54500 元/平(均价),总价828万/套起,3室,建面 145-180㎡,住宅,在售,
珠江帝景苑合生紫龙府,海珠,滨江东,新港中路艺苑路99号,88000 元/平(均价),总价1654万/套起,4室,建面 188㎡,住宅,在售,
恒大滨江御府,南海,九江,广东省佛山市南海区九江镇江滨新区360号恒大怡滨花苑,14000 元/平(均价),,,,底商,在售,
恒大滨江御府,南海,九江,广东省佛山市南海区九江镇江滨新区360号恒大怡滨花苑,12000 元/平(均价),总价127万/套起,3室/4室,建面 106-206㎡,住宅,在售,
金科华府,三水,三水,白坭镇汇金工业城12号,8200 元/平(均价),总价63万/套起,2室/3室,建面 77-104㎡,住宅,在售,
恒大世纪生态城,清新区,清新,龙颈镇恒大世纪生态城,6500 元/平(均价),,,,住宅,在售,
新力龙湾,清城区,横荷,清远大道新力龙湾,9400 元/平(均价),总价91万/套起,3室,建面 96-113㎡,住宅,在售,
恒大银湖城,清城区,清城,广清大道恒大银湖城,9800 元/平(均价),总价94万/套起,3室/4室,建面 96-140㎡,住宅,在售,
恒大珺庭,三水,三水,新城路恒大珺庭,12900 元/平(均价),总价114万/套起,3室,建面 89-146㎡,住宅,在售,
恒大云东海,三水,三水,学海北路恒大云东海,15000 元/平(均价),总价324万/套起,4室/5室/6室/8室/10室,建面 216-657㎡,别墅,在售,
恒大云东海,三水,三水,学海北路恒大云东海,83 万/套(总价),总价82万/套起,3室,建面 85-125㎡,住宅,在售,
时代云图,禅城,朝安,禅城区朝安南路30号,15000 元/平(均价),总价74万/套起,1室,建面 48㎡,商业类,在售,
联发悦澜山,蓬江区,杜阮,群策路5号,10500 元/平(均价),,4室,建面 113㎡,住宅,在售,
富盈云锦,清城区,石角,石府路3号,9000 元/平(均价),,,,住宅,在售,
城市花园玉荷苑,清城区,新城,连江路55号,9000 元/平(均价),总价104万/套起,3室/4室,建面 107-131㎡,住宅,在售,
龙光玖御湖,南海,狮山,桃园路西路龙光玖御湖,16800 元/平(均价),总价169万/套起,3室/4室,建面 100-130㎡,住宅,在售,
又一居·作品一号,江海区,外海,东海路与新源路交界处（即江海区政府西侧）,12500 元/平(均价),,3室,建面 100㎡,住宅,在售,
万科金域缇香,南海,里水,金沙洲广佛高速里水出口,25000 元/平(均价),,,,底商,在售,
碧桂园美的水木清华,顺德,杏坛,新齐宁路碧桂园,18000 元/平(均价),,,,底商,在售,
凤城明珠,清城区,横荷,广清大道96号,8800 元/平(均价),,2室/4室,建面 74-133㎡,住宅,在售,
绿地拾野川,高明,明城,更合镇金谷朗公交站旁,20000 元/平(均价),总价250万/套起,3室,建面 125-155㎡,别墅,在售,
万豪水晶湾三期,清城区,横荷,峡江西路1号,11000 元/平(均价),,3室/4室,建面 85-135㎡,住宅,在售,
十里方圆,鹤山市,鹤山市,沙坪街道大雁山风景区西麓（佛开高速大雁山出口）,9000 元/平(均价),总价120万/套起,3室,建面 117㎡,住宅,在售,
三水时代倾城,三水,三水,大㘵沙锦塘路8号,13000 元/平(均价),,,,底商,在售,
侨城颐景园,鹤山市,鹤山市,鹤山市共和镇共建路483号,7000 元/平(均价),,,,住宅,在售,
时代倾城（鹤山）,鹤山市,鹤山市,鹤山市沙坪街道杰州大道2113号（鹤山市大雁山风景区旁）,8500 元/平(均价),,3室/4室,建面 82-135㎡,住宅,在售,
中海云麓公馆,顺德,龙江,东华路中海云麓公馆,17300 元/平(均价),总价215万/套起,3室/4室,建面 121-189㎡,住宅,在售,
招商熙园,高明,荷城,沧江南路1号,8900 元/平(均价),总价92万/套起,3室,建面 100-117㎡,住宅,在售,
信业郡城,清城区,龙塘,广清高速龙塘路口左侧,8500 元/平(均价),总价67万/套起,2室/3室/4室,建面 70-119㎡,住宅,在售,
颐安灏景湾,顺德,容桂,建丰路颐安灏景湾,15000 元/平(均价),总价154万/套起,3室/4室,建面 94-142㎡,住宅,在售,
帕佳图·双子星广场,江海区,外海,江门市江海区金瓯路与科达路交汇处,12500 元/平(均价),,,,住宅,在售,
清远美林湖,清城区,清城,美林湖大道清远美林湖,13000 元/平(均价),,4室/5室,建面 288-344㎡,别墅,在售,
清远美林湖,清城区,清城,美林湖大道清远美林湖,9500 元/平(均价),,1室/2室/3室,建面 62-140㎡,住宅,在售,
融创岚樾臺,清新区,清新,清和大道34号,7800 元/平(均价),总价75万/套起,3室/4室,建面 93-118㎡,住宅,在售,
奥园英德心花小镇,英德市,英德市,乐广高速奥园英德心花小镇,11000 元/平(均价),,3室,建面 109-129㎡,别墅,在售,
碧桂园欢乐颂,清城区,清城,环城北路9号,10000 元/平(均价),总价86万/套起,3室/4室,建面 86-127㎡,住宅,在售,
三水时代倾城,三水,三水,大㘵沙锦塘路8号,8800 元/平(均价),总价73万/套起,3室/4室,建面 84-130㎡,住宅,在售,
时代云图（三水）,三水,三水,沿涌西路时代云图（三水）,9000 元/平(均价),总价62万/套起,3室/4室,建面 85-117㎡,住宅,在售,
世茂望德,禅城,魁奇,奇槎华祥路10号,23500 元/平(均价),总价211万/套起,3室/4室,建面 96-104㎡,住宅,在售,
远洋华远天骄,三水,三水,云东海街道荷湖北路1号,12500 元/平(均价),总价117万/套起,3室/4室,建面 90-120㎡,住宅,在售,
中南远洋漫悦湾,三水,三水,云东海街道驿北路1号,14500 元/平(均价),总价115万/套起,3室/4室,建面 89-115㎡,住宅,在售,
卓越浅水湾,禅城,魁奇,桂澜路卓越浅水湾,22000 元/平(均价),总价195万/套起,3室/4室,建面 93-119㎡,住宅,在售,
金科集美天辰湾,高明,明城,高明大道与平山一路交汇处,8200 元/平(均价),总价66万/套起,3室,建面 89-117㎡,住宅,在售,
恒大御澜庭,三水,三水,"永大西路恒大御澜庭, 佛山市三水区大塘镇新城区永泰路旁",9300 元/平(均价),总价74万/套起,3室/4室,建面 83-133㎡,住宅,在售,
碧桂园凤凰城,新会区,其他城区,江门市新会区西天鹅湖风景区旁,8000 元/平(均价),,1室/2室/3室/4室,建面 55-142㎡,住宅,在售,
碧桂园美的水木清华,顺德,杏坛,新齐宁路与古海路的交界处,13500 元/平(均价),总价121万/套起,3室,建面 90-116㎡,住宅,在售,
江悦城·公园里,江海区,外海,江海区南山路龙溪湖南岸,9500 元/平(均价),,2室/3室,建面 90-128㎡,住宅,在售,
第壹时区,南海,平洲,疏港路28号,17500 元/平(均价),总价135万/套起,2室/3室,建面 75-98㎡,商业类,在售,
融创御府,鹤山市,鹤山市,鹤山市鹤城镇鹤城大道66号,8500 元/平(均价),,1室,建面 55-172㎡,商业,在售,
时代花城（二期）,清城区,新城,人民西路2号,7800 元/平(均价),总价104万/套起,3室,建面 99-117㎡,住宅,在售,
奥园汇源新都,鹤山市,鹤山市,沙坪街道鹤山大道与人民东路交汇处（大转盘旁）,7800 元/平(均价),总价80万/套起,3室/4室/5室,建面 97-148㎡,住宅,在售,
时代春树里（江门）,鹤山市,鹤山市,鹤山市共和镇中欧合作核心区（笔架山公园旁）,7500 元/平(均价),总价57万/套起,2室/3室/4室,建面 72-129㎡,住宅,在售,
融创御府,鹤山市,鹤山市,鹤山市鹤城镇鹤城大道66号,6500 元/平(均价),总价60万/套起,2室/3室/4室,建面 92-128㎡,住宅,在售,
悦澋台,清城区,清城,沿江路9号,11500 元/平(均价),总价123万/套起,3室/4室,建面 103-141㎡,住宅,在售,
时代香海彼岸,清新区,清城,豪逸路时代香海彼岸,11000 元/平(均价),总价115万/套起,3室/4室,建面 84-126㎡,住宅,在售,
恒隆·文华里,清城区,城西商贸区,凤鸣西路18号,9200 元/平(均价),总价88万/套起,3室/4室,建面 95-139㎡,住宅,在售,
世茂望樾,禅城,南庄,绿岛湖禅港路和横三路交界处北侧,20000 元/平(均价),总价180万/套起,3室/4室,建面 95-120㎡,住宅,在售,
紫薇华府,禅城,石湾,季华四路68号,19000 元/平(均价),总价186万/套起,3室/4室,建面 98-154㎡,住宅,在售,
美的峯境,三水,三水,科技大道5号,9700 元/平(均价),总价95万/套起,3室/4室,建面 95-129㎡,住宅,在售,
时代家,南海,里水,佛山市南海区里水镇里水大道中56号,26000 元/平(均价),,,,商业,在售,
招商悦府,南海,九江,沙头沙龙路68号,12800 元/平(均价),总价131万/套起,3室/4室,建面 96-960㎡,住宅,在售,
力迅榕墅里,南海,里水,碧湖路9号,400 万/套(总价),总价800万/套起,3室/4室/6室/7室,建面 106-169㎡,别墅,在售,
时代家,南海,里水,里水大道中56号,14200 元/平(均价),总价84万/套起,1室,建面 59-72㎡,商业类,在售,
时代星英御岛,顺德,陈村,登洲二街2号,22000 元/平(均价),总价266万/套起,4室,建面 110-180㎡,住宅,在售,
万科尚都荟,南海,平洲,桂城街道桂澜南路18号万科尚荟大厦,17500 元/平(均价),总价103万/套起,2室,建面 59㎡,商业类,在售,
绿地未来城,禅城,张槎,兴业二路,10000 元/平(均价),,,,商业,在售,
融创湖滨首府,清城区,清城,新民小学内进500米,8200 元/平(均价),总价82万/套起,2室/3室,建面 81-100㎡,住宅,在售,
时代家,南海,里水,里水大道中56号,21500 元/平(均价),总价164万/套起,3室/4室,建面 82-128㎡,住宅,在售,
万科魅力之城,三水,三水,文博路3号,9500 元/平(均价),总价78万/套起,3室,建面 82-120㎡,住宅,在售,
中惠璧珑湾,顺德,大良南区,永同路6号,25000 元/平(均价),,,,底商,在售,
万科翡翠江望,顺德,陈村,陈村镇绀现村委会金锠南路2号万科江望花园,20000 元/平(均价),总价180万/套起,3室,建面 90-125㎡,住宅,在售,
中惠璧珑湾,顺德,大良南区,永同路6号,18500 元/平(均价),总价183万/套起,2室/3室/4室,建面 99-140㎡,住宅,在售,
万科金色里程,禅城,张槎,海八路谢边立交南行约1500米,13000 元/平(均价),总价38万/套起,1室,建面 31-41㎡,商业类,在售,
时代领峰,南海,狮山,桂丹路与三环东路交汇处,18000 元/平(均价),总价170万/套起,3室/4室,建面 83-140㎡,住宅,在售,
旭辉江山,三水,三水,"佛山市三水区颂和路与鲁村路交叉口北100米, 佛山市三水区云东海街道鲁村路18号",12000 元/平(均价),总价105万/套起,3室/4室,建面 88-116㎡,住宅,在售,
金辉优步大道,顺德,北滘,僚龙路3号,21000 元/平(均价),总价199万/套起,3室/4室,建面 95-120㎡,住宅,在售,
中昂翠屿湖,三水,三水,佛山市三水区白坭镇科技大道3号,8600 元/平(均价),总价85万/套起,3室,建面 92-109㎡,住宅,在售,
招商曦岸,顺德,陈村,金锠南路南侧,19000 元/平(均价),总价155万/套起,3室/4室,建面 82-148㎡,住宅,在售,
旭辉城,三水,三水,佛山市三水区云东海街道南丰大道99号,12000 元/平(均价),总价97万/套起,3室,建面 89-115㎡,住宅,在售,
中海万锦公馆,顺德,伦教,伦教街道办事处仕版村委会南苑西路6号中海万锦公馆,17000 元/平(均价),总价206万/套起,3室/4室,建面 100-143㎡,住宅,在售,
怡翠晋盛御园,顺德,乐从,乐从镇佛山新城富华路6号,19000 元/平(均价),总价83万/套起,1室/2室,建面 44-75㎡,商业类,在售,
融创臻园,顺德,大良南区,锦兴路38号,14000 元/平(均价),总价172万/套起,4室,建面 100-143㎡,住宅,在售,
中海新城公馆,顺德,乐从,佛山新城上华大道与环镇西路交汇处,18000 元/平(均价),总价204万/套起,3室/4室,建面 99-141㎡,住宅,在售,
保利紫山,南海,里水,里水大道南53号,20000 元/平(均价),总价185万/套起,3室/4室,建面 89-169㎡,住宅,在售,
时代南湾,三水,北江新区,三水西南街道西河路北侧地块一,13000 元/平(均价),总价123万/套起,3室/4室,建面 95-138㎡,住宅,在售,
恒大郦湖城,三水,三水,广东省佛山市三水区527县道,11000 元/平(均价),总价105万/套起,3室/4室,建面 95-140㎡,住宅,在售,
万科金色里程,禅城,张槎,海八路谢边立交南行约1500米,18000 元/平(均价),总价163万/套起,3室,建面 91-96㎡,住宅,在售,
宏宇天御江畔,南海,里水,沙涌社区居民委员会上沙涌路37号,20000 元/平(均价),总价166万/套起,3室/4室,建面 83-172㎡,住宅,在售,
恒大山水龙盘,三水,三水,佛山市三水区汇金路1号龙盘酒店内,10000 元/平(均价),总价87万/套起,3室,建面 87-131㎡,住宅,在售,
恒大悦府,南海,大沥,千灯湖金融高新区D区（桂和路与穗盐路交汇处）,22000 元/平(均价),总价244万/套起,3室,建面 111-133㎡,住宅,在售,
合生君景湾,南海,黄岐,里水大道南113号,24000 元/平(均价),总价184万/套起,2室/3室/5室,建面 88-174㎡,住宅,在售,
碧桂园·翡翠湾,南海,西樵,新城中路北101号,9300 元/平(均价),总价94万/套起,3室/4室,建面 90-146㎡,住宅,在售,
碧桂园凤凰湾,顺德,容桂,林庭北路2号,13800 元/平(均价),总价125万/套起,2室/3室/4室/5室,建面 91-270㎡,住宅,在售,
怡翠尊堤,南海,大沥,桂城金融高新区桂江立交北侧,26000 元/平(均价),总价234万/套起,3室/4室,建面 90-135㎡,住宅,在售,
时代香海彼岸,禅城,魁奇,桂澜路与绿景东路交汇处,23000 元/平(均价),总价278万/套起,4室,建面 85-126㎡,住宅,在售,
时代水岸,南海,金沙洲,沿江路与伯奇路交汇处,28000 元/平(均价),总价285万/套起,3室/4室,建面 82-140㎡,住宅,在售,
万科金域缇香,南海,里水,金沙洲广佛高速里水出口,23000 元/平(均价),总价200万/套起,3室/4室,建面 90-120㎡,住宅,在售,
万科金色领域,南海,佛平路,佛平路与宝翠路交界,16500 元/平(均价),总价105万/套起,1室/2室/3室,建面 64-84㎡,商业类,在售,
万科金色城市,南海,桂城北（南海广场）,桂江立交与海八西路交叉口北200米,25000 元/平(均价),总价225万/套起,3室/4室,建面 90-120㎡,住宅,在售,
怡翠晋盛花园,顺德,乐从,乐从镇佛山新城富华路7号,25000 元/平(均价),总价345万/套起,3室,建面 138-243㎡,住宅,在售,
敏捷金谷国际,禅城,汾江北,禅城汾江北路32号,11500 元/平(均价),总价52万/套起,1室/2室,建面 45-56㎡,商业类,在售,
泷景花园,禅城,澜石,澜石大马路9号,19000 元/平(均价),总价168万/套起,3室,建面 82-109㎡,住宅,在售,
御江南,三水,三水,西南街道金泉大道3号,11000 元/平(均价),总价87万/套起,3室/4室,建面 85-130㎡,住宅,在售,
汇信华府,三水,北江新区,佛山市三水区西南街道西青大道与北江大道交汇处,11500 元/平(均价),总价101万/套起,3室/4室,建面 77-143㎡,住宅,在售,
腾步大厦,花都,旧区,迎宾大道4号,17500 元/平(均价),总价97万/套起,1室,建面 65㎡,住宅,在售,
南沙水恋,南沙,黄阁,地铁黄阁汽车城站A口,24000 元/平(均价),总价220万/套起,2室/3室/4室,建面 93-139㎡,住宅,在售,
万科城市花园,三水,三水,佛山市三水区白坭镇金竹路19号万科心域花园,10000 元/平(均价),总价118万/套起,4室,建面 90-121㎡,住宅,在售,
天健汇,天河,车陂,车陂北路（天坤三路与健明四路交汇处）,50000 元/平(均价),,,,商业,在售,
天健汇,天河,车陂,车陂北路（天坤三路与健明四路交汇处）,32000 元/平(均价),总价100万/套起,1室/3室,建面 36-51㎡,商业类,在售,
长华国际中心,南海,狮山,狮山镇博爱路68号,30000 元/平(均价),,,,商业,在售,
三水万达广场,三水,三水,云东海街道南丰大道与翠云路交界,28000 元/平(均价),,,,商业,在售,
凤凰花园,清城区,清城,市三中旁边,11000 元/平(均价),总价112万/套起,3室/4室,建面 118-148㎡,住宅,在售,
融创清城首府,清城区,横荷,清远大道北盛兴中英文学校旁,8500 元/平(均价),总价85万/套起,3室/4室,建面 85-137㎡,住宅,在售,
碧桂园智慧家,顺德,大良东区,环市东路与南屏路交汇处,17000 元/平(均价),总价158万/套起,3室/4室,建面 93-117㎡,住宅,在售,
珠光山水诚品,从化,江埔街,江埔街江村地段,14500 元/平(均价),总价150万/套起,3室/4室,建面 96-142㎡,住宅,在售,
振业天颂花园,荔湾,广钢新城,芳村大道南以西鹤洞路旁,44000 元/平(均价),总价466万/套起,3室/4室,建面 108-142㎡,住宅,在售,
云溪四季,增城,朱村,朱村站旁,400 万/套(总价),总价410万/套起,3室,建面 159-174㎡,别墅,在售,
凯德山海连城,番禺,莲花山,金山大道东龙丰路段,850 万/套(总价),总价850万/套起,4室/5室,建面 245-324㎡,别墅,在售,
金茂湾,南沙,南沙区府,凤凰大道外国语学院南侧300米,25000 元/平(均价),,,,商业,在售,
公园里（春晓花园）,增城,荔城增江,广汕公路与增江大道南交汇处（天恩小学对面）,17500 元/平(均价),总价225万/套起,3室,建面 115-135㎡,住宅,在售,
融穗华府,荔湾,广钢新城,银沙路与开拓二横路交界处,54000 元/平(均价),总价396万/套起,2室/3室,建面 72-91㎡,住宅,在售,
珠光御景山水城,从化,江埔街,105国道九里步果场段珠光御景山水城,15500 元/平(均价),总价161万/套起,3室/4室,建面 101-142㎡,住宅,在售,
骏景花园合生骏景广场,天河,棠下,中山大道西1138号（骏景花园西北侧）,47000 元/平(均价),,,,商业类,在售,
中海花湾壹号,荔湾,广钢新城,鹤洞路中海花湾壹号,50000 元/平(均价),总价358万/套起,2室/3室/4室,建面 73-127㎡,住宅,在售,
悦江上品苑,荔湾,大坦沙,桥中中路143号,47000 元/平(均价),总价376万/套起,2室/3室/4室/5室/6室,建面 80-210㎡,住宅,在售,
悠山时光,南沙,南沙港,进港大道南侧蝴蝶洲公园旁,19500 元/平(均价),总价218万/套起,3室,建面 90-110㎡,住宅,在售,
南华时代城,花都,铁路西,新华街工业大道18号,23500 元/平(均价),总价247万/套起,3室,建面 105-124㎡,住宅,在售,
富力万科云启,天河,车陂,车陂北街150号,35000 元/平(均价),,,,商业类,在售,
爱群荟景湾,越秀,解放南,沿江西路爱群荟景湾,70000 元/平(均价),总价2380万/套起,4室/5室,建面 340-372㎡,住宅,在售,
雄峰城,番禺,钟村,钟村街105国道钟村新城区路段西侧,20000 元/平(均价),,,,商业类,在售,
新世界凯粤湾,荔湾,滘口,芳村大道西236号,48000 元/平(均价),总价395万/套起,2室/3室/4室,建面 79-143㎡,住宅,在售,
尚轩103,番禺,大学城,明志街8号,54000 元/平(均价),总价1405万/套起,5室,建面 260-265㎡,住宅,在售,
智杰雅筑,从化,河滨北路,向阳路32号,17000 元/平(均价),总价145万/套起,3室/5室,建面 90-242㎡,住宅,在售,
美悦湾,黄埔,开发西区,西区丽江街1号,26000 元/平(均价),总价161万/套起,2室/3室,建面 73-96㎡,住宅,在售,
云星钱隆天誉,从化,太平镇,高技术产业园丰盈路7号,17000 元/平(均价),总价152万/套起,3室/4室/5室,建面 69-133㎡,住宅,在售,
西关海,荔湾,南岸路,南岸路23号（青年公园旁）,66500 元/平(均价),总价815万/套起,3室/4室/5室,建面 127-253㎡,住宅,在售,
峻林,天河,林和,林和东路258号,85000 元/平(均价),总价2610万/套起,5室,建面 308㎡,住宅,在售,
奥园康威广场,增城,新塘北,"荔新大道奥园康威广场, 香山大道奥园康威广场",22000 元/平(均价),总价75万/套起,2室/3室,建面 51-68㎡,商业类,在售,
时代春树里,黄埔,香雪,萝岗科学城开源大道植树公园西侧10米,31000 元/平(均价),总价333万/套起,4室,建面 80-113㎡,住宅,在售,
尚东君御雅苑,天河,珠江新城中,珠江新城兴盛路6号,120000 元/平(均价),总价2250万/套起,4室,建面 179-197㎡,住宅,在售,
东部布匹辅料城,增城,新塘北,新塘荔新十二路96号,13500 元/平(均价),总价64万/套起,,,商业类,未开盘,
保利中海金地·大国璟,增城,荔城西区,广汕公路逸翠庄园对面,价格待定,,,,住宅,下期待开,
保利紫云,白云,新市,西苑路103号,49000 元/平(均价),,,,商业,售罄,
万科白鹭郡,南沙,黄阁,黄阁大道南万科南方公元北侧600米,660 万/套(总价),,4室/5室,建面 80-85㎡,别墅,售罄,
佳兆业城市广场,黄埔,沙村,盛凯大街6号(开创大道与黄埔东路交汇处),32000 元/平(均价),,4室,建面 130㎡,住宅,售罄,
万科金域中央,南海,平洲,海八路立交东南侧万科金域中央,价格待定,,,,商业,售罄,
佛奥凯茵苑,顺德,龙江,海华路4号,13000 元/平(均价),,4室,建面 127㎡,住宅,售罄,
龙光棕榈水岸北区,南沙,南沙区府,金蕉大道西南沙区政府南侧900米,15000 元/平(均价),,2室/3室,建面 96-117㎡,住宅,售罄,
一品湖山,白云,南湖,同和路688号,36559 元/平(均价),,5室,建面 260㎡,住宅,售罄,
新天半山墅,白云,南湖,广州大道北1080号,48000 元/平(均价),,4室,建面 272㎡,住宅,售罄,
好美嘉园好美华庭,花都,炭步,花都大道西83号,价格待定,,,,住宅,售罄,
晴海岸,南沙,南沙科技园,环市大道南三姓路口,23000 元/平(均价),,2室,建面 90㎡,住宅,售罄,
路劲隽泷湾,荔湾,龙溪,旧龙溪路(原芳村至尊高尔夫球场),26000 元/平(均价),,2室,建面 80-83㎡,住宅,售罄,
轩逸荟,花都,狮岭镇,狮岭镇狮岭大道东17号,15000 元/平(均价),,3室,建面 96㎡,住宅,售罄,
越秀滨海御城,南沙,金洲,双山大道与祈丰路的交汇处,25000 元/平(均价),,4室,建面 138㎡,住宅,售罄,
颐德公馆,天河,珠江新城东,花城大道126号-136号(双号),88000 元/平(均价),,5室,建面 354㎡,住宅,售罄,
观园壹号,增城,石滩镇,增滩公路和东西主干道交汇处的东北角（石滩广场西侧）,8500 元/平(均价),,3室,建面 108-120㎡,住宅,售罄,
雅居乐富春山居,黄埔,科学城,广汕路与大观路交汇处（雅居乐富春山居会所“熹玥荟”）,43000 元/平(均价),,5室,建面 288㎡,住宅,售罄,
丽水蓝天,番禺,大石,大石街朝阳东路72号（富丽小学旁）,25000 元/平(均价),,2室/3室,建面 83-115㎡,住宅,售罄,
龙湖首开天宸原著,天河,黄村,大灵山路452号,47000 元/平(均价),,3室/4室,建面 97-140㎡,住宅,售罄,
东港花园,黄埔,文冲,黄埔东路文船路363号,126 万/套(总价),,2室,建面 86㎡,住宅,售罄,
锦尚蓬莱苑,花都,新区,凤凰北路8号,18000 元/平(均价),,3室,建面 93㎡,住宅,售罄,
景新国际名城,增城,中新镇,中新镇风光路33号,价格待定,,3室,建面 119㎡,住宅,售罄,
南沙金湾,南沙,金洲,进港大道华汇国际广场东侧200米,12000 元/平(均价),,3室/4室,建面 68-94㎡,住宅,售罄,
万科山景城,黄埔,科学城,永顺大道以南瞰山大街2号。,28000 元/平(均价),,4室,建面 112㎡,住宅,售罄,
星晨时代豪庭,番禺,桥南,桥南福景路729号（禺山高级中学南面）,价格待定,,3室,建面 144㎡,住宅,售罄,
悦尚公馆,番禺,大石,大石街富丽商住区403号,价格待定,,,,住宅,售罄,
山水庭苑,白云,南湖,广州大道北同和路828号(南湖游乐园旁),35166 元/平(均价),,,,住宅,售罄,
隆泰逸品君庭,白云,桂花岗,三元里走马岗路28号,31000 元/平(均价),,,,住宅,售罄,
温馨里,番禺,市桥北,市广路2号,17000 元/平(均价),,2室/3室,建面 68-86㎡,住宅,售罄,
紫茗花园,南沙,进港大道,富佳北街43号,价格待定,,2室/3室,建面 70-105㎡,住宅,售罄,
富力万科云启,天河,车陂,中山大道车陂北街,27000 元/平(均价),,3室/4室,建面 97-127㎡,住宅,售罄,
中盈一海里,南沙,环市大道西,环市大道西123号,9000 元/平(均价),,2室/3室,建面 78-97㎡,住宅,售罄,
芙蓉春晓,花都,狮岭镇,新庄村芙蓉春晓,价格待定,,,,住宅,售罄,
凯德新玥,南沙,榄核镇,蔡新路与广场路交界,13500 元/平(均价),,2室/4室,建面 75-117㎡,住宅,售罄,
保利云禧西区,白云,白云大道南,齐富路196号,60000 元/平(均价),,5室,建面 351-368㎡,住宅,售罄,
花语水岸,荔湾,大坦沙,西海南路花语水岸,32000 元/平(均价),,5室,建面 165㎡,住宅,售罄,
保利云禧东区,白云,白云大道南,齐富路196号,价格待定,,4室,建面 225㎡,住宅,售罄,
盛恒家园,番禺,亚运大道中,亚运大道盛恒家园,12500 元/平(均价),,2室,建面 68㎡,住宅,售罄,
力诚凯怡湾,增城,新塘南,镇新塘大道12号,价格待定,,3室,建面 78㎡,住宅,售罄,
增城时代廊桥,增城,永和,永宁大道28号,19000 元/平(均价),,3室/4室,建面 83-112㎡,住宅,售罄,
广州绿地中央广场,黄埔,黄村,科学城光谱西路与神舟路交汇,13500 元/平(均价),,,,商业类,售罄,
富力东山新天地,天河,杨箕,广州大道与中山一路交汇处,60000 元/平(均价),,,,商业类,售罄,
星力时代豪庭,番禺,南村,迎兴路星力时代豪庭,25000 元/平(均价),,,,住宅,售罄,
水韵翔庭,黄埔,开发西区,开发区锦绣路16-26号,14000 元/平(均价),,,,住宅,售罄,
华标荔苑,从化,太平镇,平南路8号,8400 元/平(均价),,,,住宅,售罄,
学府南苑,花都,狮岭镇,学府路10号,8700 元/平(均价),,2室,建面 74㎡,住宅,售罄,
珑翠,番禺,长隆,105国道和市广路交界处（松下万宝电熨斗公司对面）,40000 元/平(均价),总价800万/套起,5室,建面 209-251㎡,住宅,在售,
星尚花园,番禺,市桥东,龙街丰尚路68号（石碁三中对面）,27000 元/平(均价),总价310万/套起,3室,建面 116-117㎡,住宅,在售,
保利学府里,黄埔,大沙地,黄埔大道与中山大道交汇处,43000 元/平(均价),,,,住宅,售罄,
倚绿山庄尚院,白云,同和,倚绿北街14号,30036 元/平(均价),,2室/3室/4室,建面 96-167㎡,住宅,售罄,
广晟圣淘沙,南沙,进港大道,进港大道金沙路今洲广场北侧400米,23500 元/平(均价),总价160万/套起,2室,建面 59-87㎡,住宅,在售,
翠荷轩,荔湾,坑口,芳村东教南路92号,30000 元/平(均价),,2室/3室,建面 81-108㎡,住宅,售罄,
宝兴翠园,天河,东圃,中山大道中1118、1120、1122号,50000 元/平(均价),总价461万/套起,3室/4室,建面 96-142㎡,住宅,在售,
碧桂园城市花园花岸苑,增城,朱村,朱村街广汕公路燕岗桥公交站东行800米,16000 元/平(均价),,3室/4室,建面 96-189㎡,住宅,售罄,
新鸿基御华园,花都,狮岭镇,狮岭大道东1号,15000 元/平(均价),总价118万/套起,3室,建面 79-118㎡,住宅,在售,
南沙心意华庭,南沙,金洲,金岭北路395号,13000 元/平(均价),,3室,建面 110㎡,住宅,售罄,
绿地新里缇香公馆,花都,旧区,建设北路178号(建设北路与紫薇路交汇处),20500 元/平(均价),总价400万/套起,4室,建面 187㎡,住宅,在售,
花都名雅苑,花都,花山镇,花山镇花山路40号,7300 元/平(均价),,3室,建面 98㎡,住宅,售罄,
合景花漫里,增城,永和,新塘镇新新大道中段,19500 元/平(均价),总价130万/套起,3室/4室,建面 72-128㎡,住宅,在售,
富基广场,海珠,滨江中,江南大道北市二宫地铁A出口,49800 元/平(均价),总价390万/套起,2室,建面 100㎡,住宅,在售,
狮峰公馆,花都,铁路西,荔红南路10号,价格待定,,,,住宅,售罄,
东华星域,海珠,前进路,江南大道中79号,价格待定,,2室,建面 77㎡,住宅,售罄,
雍晟岭南雅苑,从化,江埔街,江埔街大江路13号,20000 元/平(均价),总价177万/套起,,,住宅,未开盘,
南天名苑,番禺,洛溪,洛浦街洛溪环岛北路8号,52000 元/平(均价),总价1586万/套起,4室,建面 305㎡,住宅,在售,
中央郡,南沙,进港大道,进港大道与珠电路交汇处,23500 元/平(均价),总价212万/套起,3室/4室,建面 92-135㎡,住宅,在售,
中大城,南沙,金洲,双山大道4号线金洲站A出口200米处,19000 元/平(均价),,4室,建面 141㎡,住宅,售罄,
西福蓝湾,增城,朱村,广汕公路136号,20000 元/平(均价),总价160万/套起,2室/3室,建面 71-108㎡,住宅,在售,
君荟名轩,荔湾,西村,环市西路47号（地铁西村站D出口100米处）,38000 元/平(均价),,2室,建面 80㎡,住宅,售罄,
农林华府,越秀,环市东,犀牛尾村63号,70000 元/平(均价),,5室,建面 224㎡,住宅,售罄,
卓粤卓雅名苑,花都,旧区,建设北路229号,18500 元/平(均价),总价158万/套起,2室/3室,建面 77-105㎡,住宅,在售,
越秀岭南雅筑,黄埔,香雪,科学城开源大道与隧北路交汇处,14000 元/平(均价),,3室,建面 94㎡,住宅,售罄,
东怡新地,番禺,东怡新区,亚运大道与清河东路接驳口东怡新地,价格待定,,,,住宅,售罄,
宝翠园,天河,龙洞,宝翠路4-6号(华南植物园对面),57000 元/平(均价),,4室,建面 170㎡,住宅,售罄,
鸿益华府,海珠,金碧,新业路51-61号,36000 元/平(均价),,,,住宅,售罄,
宏润天睿,从化,鳌头镇,城鳌大道东854号,11000 元/平(均价),总价95万/套起,2室/3室,建面 78-102㎡,住宅,在售,
友田碧云轩,花都,狮岭镇,狮岭大道东13号,13000 元/平(均价),,2室,建面 73-78㎡,住宅,售罄,
万科幸福誉,黄埔,知识城,九龙镇九龙大道中新广州知识城展示厅西侧170米,价格待定,,,,住宅,未开盘,
南沙万地雅涛阁,南沙,万顷沙,万顷沙镇新垦十三涌公交总站往东500米,13000 元/平(均价),,,,住宅,未开盘,
科城山庄峻森园,黄埔,科学城,峻祥路与峻福路交汇处,38000 元/平(均价),总价189万/套起,2室/3室/4室,建面 63-185㎡,住宅,在售,
骏文雅苑,越秀,农讲所,文明路119、121、123号,57462 元/平(均价),,4室,建面 137-162㎡,住宅,售罄,
百荣园云山名都,白云,机场路,机场路云山名都,价格待定,,,,住宅,售罄,
中海联同福睿府,海珠,宝岗,同福东路560号,价格待定,,,,住宅,售罄,
泊岸君庭,花都,旧区,花都宝华路与天贵路交汇处（花果山公园北门）,16000 元/平(均价),,3室,建面 143㎡,住宅,售罄,
东湖映月,白云,龙归,龙河西路东湖映月,32000 元/平(均价),,4室,建面 127㎡,住宅,售罄,
君源御湖城,从化,江埔街,灌村路江埔街道399号,7200 元/平(均价),,,,住宅,售罄,
白云堡豪苑尚云名邸,白云,永泰,新广从公路白云堡大道1号,45000 元/平(均价),总价1300万/套起,5室,建面 295㎡,住宅,在售,
广州绿地城,黄埔,知识城,中新知识城九龙大道旺村地铁站西侧50米,23000 元/平(均价),,2室/3室,建面 73-114㎡,住宅,售罄,
万科金色梦想,黄埔,香雪,科学城开源大道与玉岩路交汇处,14000 元/平(均价),,3室,建面 77㎡,住宅,售罄,
珠江东境花园,天河,车陂,科韵北路渔民新村旁,2100 万/套(总价),总价2309万/套起,4室,建面 235㎡,住宅,在售,
富力天海湾,南沙,环市大道西,工业一路塘坑A出口900米处,22000 元/平(均价),,3室/4室,建面 120-140㎡,住宅,售罄,
天健上城,天河,车陂,广园快速路与车陂西路交界处,40000 元/平(均价),,4室,建面 165㎡,住宅,售罄,
越秀保利爱特城,黄埔,香雪,云诚路8号,23000 元/平(均价),总价200万/套起,3室/4室,建面 86-130㎡,住宅,在售,
保利悦廷,花都,铁路西,九潭南路10号,价格待定,,,,住宅,售罄,
雅居乐万科热橙,花都,花山镇,机场高速花山出口雅居乐万科热橙,16000 元/平(均价),,4室,建面 125㎡,住宅,售罄,
家和逸品苑,花都,旧区,建设北路162号（花都圆玄小学对面）,17000 元/平(均价),,2室/3室,建面 95-114㎡,住宅,售罄,
爱尚流溪,从化,江埔街,环市东路988号（G105与迎宾大道交界处）,13000 元/平(均价),,,,住宅,售罄,
宏诚海峰花园,从化,江埔街,江埔街环市东路453号,13500 元/平(均价),总价175万/套起,3室/4室,建面 86-134㎡,住宅,未开盘,
侨鑫汇悦台,天河,珠江新城东,临江大道417-431号,190000 元/平(均价),总价6614万/套起,5室,建面 348㎡,住宅,在售,
越秀滨海悦城,南沙,金洲,南沙丰润路与海滨路交汇处南侧,20000 元/平(均价),,3室,建面 117㎡,住宅,售罄,
富雅都市华庭,增城,新塘北,汇太东路233号,18500 元/平(均价),总价154万/套起,2室/3室/4室,建面 38-116㎡,住宅,在售,
新景豪庭,增城,白江,广深大道西新景豪庭,价格待定,,,,住宅,售罄,
御湖名邸,黄埔,科学城,金坑水库路38号,20000 元/平(均价),总价645万/套起,7室,建面 430㎡,别墅,在售,
九洲海誉居,天河,粤垦,东莞庄路78-88号,78000 元/平(均价),总价1459万/套起,4室,建面 187-192㎡,住宅,在售,
天河新天地,天河,天河客运站,天源路5号,32000 元/平(均价),,,,商业类,在售,
珠光山水御苑,从化,江埔街,温泉大道13号,12500 元/平(均价),总价215万/套起,4室,建面 171㎡,住宅,在售,
越秀星汇御府,天河,珠江新城东,海业路6号,72000 元/平(均价),,8室,建面 587-666㎡,住宅,售罄,
豪利幸福里,花都,狮岭镇,狮岭大道美湖路3号,12000 元/平(均价),,3室,建面 92㎡,住宅,售罄,
馨晴轩,海珠,前进路,素社六巷3号之1至9,47500 元/平(均价),,3室,建面 130㎡,住宅,售罄,
祈福辉煌台,花都,铁路西,新华镇云山大道农新路1号,价格待定,,,,住宅,售罄,
番禺海伦堡流金岁月,番禺,桥南,南区福德路223号,40000 元/平(均价),,,,住宅,在售,
狮城国际,花都,狮岭镇,花都狮岭大道东8号,18500 元/平(均价),总价185万/套起,3室,建面 100-115㎡,住宅,售罄,
越秀三四里江,番禺,大学城,小谷围岛大学城中八路22号,4000 万/套(总价),,5室,建面 305-600㎡,住宅,售罄,
碧桂园豪进广场,增城,白江,"东江大道碧桂园豪进广场, 东江大道南28号",价格待定,,4室,建面 139㎡,住宅,售罄,
银山尚橙,海珠,工业大道北,革新路101号,23000 元/平(均价),,2室,建面 87㎡,住宅,售罄,
方圆云山诗意三期,增城,荔城西区,荔星大道北,20000 元/平(均价),,3室,建面 118㎡,住宅,售罄,
大学小筑,番禺,大学城,广工一路159号,75000 元/平(均价),总价1350万/套起,3室/4室/5室,建面 179-270㎡,住宅,在售,
新城市宜家,番禺,大石,大石镇富丽家园大山路以南1号,价格待定,,,,住宅,售罄,
望谷温泉小镇,从化,温泉镇,温泉西路8号,12000 元/平(均价),总价120万/套起,2室/3室,建面 87-137㎡,住宅,在售,
佳滨苑,海珠,前进路,海印桥南东晓路与仲恺路交汇处,61000 元/平(均价),总价580万/套起,3室,建面 80-95㎡,住宅,在售,
合生广场,海珠,广州大道南,广州大道南与叠景路交汇处,35000 元/平(均价),,,,商业类,在售,
桃源盛世名苑,花都,旧区,新华街南石西路1号,11000 元/平(均价),,,,住宅,售罄,
汇东国际花园,增城,白江,新塘镇汇东南路1号,23000 元/平(均价),,3室,建面 112㎡,住宅,售罄,
怡康华府,增城,荔城西区,百花路7号,25000 元/平(均价),总价270万/套起,3室,建面 107-131㎡,住宅,在售,
合景天峻广场,黄埔,知识城,中新广州知识城九佛建设新街18号,13000 元/平(均价),,,,商业类,在售,
乐天峰公馆,增城,荔城中区,荔城街幸福路25号,23000 元/平(均价),总价198万/套起,3室,建面 86-124㎡,住宅,在售,
保利红馆,番禺,汉溪,汉溪大道与新光快速交汇处,价格待定,,,,住宅,售罄,
阳光城香缇溪岸,南沙,进港大道,滨海路和倚涛三街交汇处,9500 元/平(均价),,2室,建面 89㎡,住宅,售罄,
嘉都汇,花都,镜湖大道,迎宾大道187号,26500 元/平(均价),总价516万/套起,4室/6室,建面 167-195㎡,住宅,售罄,
凯旋新世界广粤尊府,天河,珠江新城东,珠江新城花城大道珠江公园南门对面,价格待定,,5室,建面 280㎡,住宅,售罄,
海珠湖景峰,海珠,南洲,南洲路761号-819号,27000 元/平(均价),,2室/3室,建面 68-127㎡,住宅,售罄,
新时代家园,从化,旧城区,街口街新城中路86号,16000 元/平(均价),,3室,建面 109㎡,住宅,售罄,
兰亭盛荟,天河,东圃,黄埔大道桃园西路明镜路1号,50000 元/平(均价),总价374万/套起,2室/3室,建面 67-121㎡,住宅,在售,
保利西悦湾,荔湾,坑口,东漖南路（坑口地铁D出口990米）,45000 元/平(均价),总价363万/套起,2室/3室/4室,建面 79-140㎡,住宅,在售,
万科里享家,黄埔,科学城,长岭居新业路与布岭路交汇处（甘竹山东南麓）,22000 元/平(均价),总价308万/套起,4室,建面 75-143㎡,住宅,在售,
琶洲壹號,海珠,万胜围,新港东路2348号（万胜围地铁站沿新港东路往东300米）,7700 万/套(总价),,7室,建面 526㎡,别墅,售罄,
富丽居,番禺,大石,石北工业路22号,32000 元/平(均价),,3室,建面 88㎡,住宅,售罄,
豪利花园,花都,镜湖大道,镜湖大道北18号,26000 元/平(均价),总价263万/套起,2室,建面 95-97㎡,住宅,在售,
嘉汇城,白云,人和,凯德二街3号,21500 元/平(均价),总价190万/套起,3室,建面 100-103㎡,住宅,在售,
碧桂园东湖1号,增城,荔城增江,增江街东湖西路1号,18000 元/平(均价),总价330万/套起,3室,建面 180㎡,住宅,售罄,
淘金家园峯璟,越秀,淘金,淘金东横路9号、11号、13号,70000 元/平(均价),,3室,建面 95㎡,住宅,售罄,
万科里享水韵,黄埔,科学城,永顺大道中1号,17000 元/平(均价),,,,住宅,售罄,
臻尚苑,番禺,广州南站,广州南站东侧700米臻尚苑（石壁地铁站旁）,43000 元/平(均价),总价419万/套起,3室,建面 95-118㎡,住宅,在售,
合汇·中央广场,增城,荔城中区,荔景大道合汇·中央广场,30000 元/平(均价),总价257万/套起,2室/3室/5室,建面 78-174㎡,住宅,在售,
金海岸花园聚湖,番禺,番禺客运站,清河东路金海岸花园聚湖,53000 元/平(均价),总价378万/套起,3室,建面 105-139㎡,住宅,在售,
港航华庭,南沙,南沙港,进港大道582号,11000 元/平(均价),,3室,建面 102㎡,住宅,售罄,
宏康小筑,黄埔,科学城,永和经济区来安三街21号,价格待定,,3室,建面 96㎡,住宅,售罄,
新福港鼎峰,黄埔,科学城,香雪大道西283号,22500 元/平(均价),,4室,建面 157㎡,住宅,售罄,
流花君庭,荔湾,流花站前,流花路73号,68000 元/平(均价),总价1700万/套起,3室/4室/5室,建面 250-400㎡,住宅,在售,
路劲隽悦豪庭二期三期,花都,旧区,三东大道3号,12500 元/平(均价),,2室,建面 68㎡,住宅,售罄,
大城云山,从化,太平镇,广从南路1033号,20000 元/平(均价),,,,住宅,在售,
星河山海湾,南沙,南沙港,港前大道英东中学北侧100米,34000 元/平(均价),总价344万/套起,4室,建面 86-176㎡,住宅,在售,
葛洲坝保利曼城,荔湾,广钢新城,鹤洞路葛洲坝保利曼城,45000 元/平(均价),,,,住宅,售罄,
北大资源博雅1898,荔湾,广钢新城,鹤洞路北大资源博雅1898,46000 元/平(均价),总价547万/套起,3室,建面 114-128㎡,住宅,在售,
佳兆业天御,天河,京溪,沙太路梅花园20号,61000 元/平(均价),,4室,建面 126-128㎡,住宅,售罄,
金融街融穗御府,黄埔,科学城,长岭路永顺大道（长岭居小学南侧200米）,28000 元/平(均价),,,,住宅,售罄,
珠江源昌花园,南沙,万顷沙,珠江街新广三路和珠江大道交汇处,19000 元/平(均价),总价198万/套起,3室/4室,建面 104-121㎡,住宅,在售,
蓝光林肯公园,南沙,金洲,金枫路（奥园中环广场旁）,26000 元/平(均价),总价322万/套起,2室/3室/4室,建面 85-129㎡,住宅,售罄,
创基丽江国际,增城,增城区府,增城大道与新城大道交汇处（增城宾馆对面）,38000 元/平(均价),总价705万/套起,4室/5室,建面 92-275㎡,住宅,在售,
远洋天骄,天河,天河客运站,元岗路68号,45000 元/平(均价),,1室/2室/3室,建面 48-116㎡,住宅,售罄,
碧桂园海湾1号,南沙,南沙港,海港大道东华师附小旁,23000 元/平(均价),,3室,建面 95㎡,住宅,售罄,
泊雅湾,海珠,滨江东,艺苑路广州塔南广场旁边,85000 元/平(均价),总价672万/套起,2室/3室,建面 84-114㎡,住宅,在售,
江源半岛花园,天河,金融城,黄埔大道车陂南路1、3、5、7号(4、5号线地铁交汇处南侧),80000 元/平(均价),总价576万/套起,2室/3室,建面 72-127㎡,住宅,在售,
万科峯境,白云,白云大道南,白云大道南399号,价格待定,,,,住宅,售罄,
珠江岭南苑,白云,白云大道南,云城西路与云城北一路交汇处东北侧,95000 元/平(均价),总价3800万/套起,7室,建面 388㎡,住宅,在售,
荔园悦享花醍,花都,铁路西,新华街迎宾大道与平步大道西交汇处,16000 元/平(均价),,2室/3室,建面 90-119㎡,住宅,售罄,
保利天悦花园,海珠,万胜围,阅江路琶洲塔公园旁,65000 元/平(均价),,4室,建面 195㎡,住宅,售罄,
正太广场,番禺,市桥,禺山大道正太广场,23000 元/平(均价),,2室/3室,建面 77-108㎡,住宅,售罄,
萝岗敏捷广场,黄埔,科学城,水西路与峻福路交汇处,21000 元/平(均价),总价122万/套起,3室,建面 58-102㎡,商业类,在售,
星河盛世,南沙,进港大道,进港大道肯德基北侧前行50米,价格待定,,2室,建面 108㎡,住宅,售罄,
叠翠峰,南沙,南沙区府,凤凰大道与丰泽西路交汇处,25000 元/平(均价),,3室,建面 104㎡,住宅,售罄,
南沙湾石奥,南沙,南沙港,港前大道南沙游艇会旁100米,21000 元/平(均价),,,,住宅,未开盘,
华发四季名苑,白云,嘉禾望岗,观云街新顺路1号,58000 元/平(均价),,4室/5室,建面 186-260㎡,住宅,售罄,
江山国际,海珠,万胜围,琶洲新港东路48号,47000 元/平(均价),,3室/4室,建面 164-184㎡,住宅,售罄,
金龙城财富广场,番禺,亚运大道中,亚运大道中金龙城财富广场,20000 元/平(均价),总价100万/套起,1室,建面 50㎡,商业类,在售,
万科南方公元,南沙,黄阁,黄阁大道南大山乸公园旁,价格待定,,2室,建面 95㎡,住宅,售罄,
嘉汇四季阳光,增城,荔城西区,荔城大道225号,17600 元/平(均价),,3室,建面 109-110㎡,住宅,售罄,
合汇学府名郡,增城,白江,新塘大道西新塘第三中学西100米,27000 元/平(均价),,3室,建面 120㎡,住宅,售罄,
尚品雅居山语,花都,狮岭镇,学府路15号,16000 元/平(均价),总价203万/套起,3室,建面 113-124㎡,住宅,在售,
竹雅苑,越秀,三元里,矿泉街北站南路17号,36000 元/平(均价),,3室,建面 100㎡,住宅,售罄,
仁安花园,增城,朱村,朱村街广汕公路南边（朱宁路北侧）,23000 元/平(均价),总价188万/套起,,,住宅,未开盘,
龙津世家,荔湾,龙津,龙津中路与华贵路交接处东侧,60000 元/平(均价),总价570万/套起,2室/3室,建面 95-131㎡,住宅,在售,
恒洲小苑,海珠,南洲,南洲路307-319号,35000 元/平(均价),,3室,建面 104㎡,住宅,售罄,
科城山庄,黄埔,科学城,水西路北侧科城山庄,39000 元/平(均价),总价488万/套起,3室/4室,建面 125-143㎡,住宅,在售,
富力壹號半岛,海珠,黄埔村,新港东路富力壹號半岛,120000 元/平(均价),总价1967万/套起,3室/4室,建面 281-650㎡,商业类,在售,
麓湖轩,越秀,小北,麓湖路9号（广东电视台旁）,60000 元/平(均价),总价596万/套起,2室/3室/4室,建面 88-163㎡,住宅,在售,
富力悦禧花园,黄埔,开发东区,黄埔区广园快速路笔村立交旁（丹水坑风景旅游区北侧100米）,24000 元/平(均价),,3室,建面 86-98㎡,住宅,售罄,
珠江金茂府,荔湾,广钢新城,开拓路珠江金茂府,51000 元/平(均价),总价545万/套起,3室/4室/5室,建面 109-366㎡,住宅,在售,
凯得文化广场,黄埔,科学城,开创大道凯得文化广场,23000 元/平(均价),,4室,建面 144㎡,住宅,售罄,
东馨美居,花都,旧区,建设北路91号,价格待定,,3室,建面 110㎡,住宅,售罄,
水电广场,增城,白江,广深大道西水电广场,价格待定,,2室,建面 90㎡,住宅,售罄,
珠光御景壹號,荔湾,黄沙,黄沙大道广铁南站,100000 元/平(均价),总价4800万/套起,6室,建面 208-480㎡,住宅,在售,
博雅首府,天河,珠江新城中,冼村路2号(冼村路与临江大道交界),120000 元/平(均价),总价4050万/套起,4室/5室,建面 337-388㎡,住宅,在售,
云星钱隆公馆,从化,旧城区,从城大道云星钱隆公馆,20000 元/平(均价),,,,住宅,售罄,
中国铁建国际花园,增城,朱村,朱村大道中国铁建国际花园,18000 元/平(均价),,4室,建面 112㎡,住宅,售罄,
汉中紫薇苑,从化,江埔街,江埔街河东南路91号,18500 元/平(均价),总价235万/套起,4室,建面 97-141㎡,住宅,在售,
南沙翡翠公馆,南沙,金洲,金洲村与板头村交汇处,15000 元/平(均价),,2室/3室,建面 80-110㎡,住宅,售罄,
紫泉流溪湾,从化,太平镇,105国道从化太平段紫泉流溪湾,16000 元/平(均价),总价178万/套起,2室,建面 76-162㎡,住宅,在售,
桃花源,花都,狮岭镇,山前旅游大道芙蓉度假区西入口直行400米,28000 元/平(均价),总价1654万/套起,12室,建面 636㎡,别墅,在售,
莱茵水岸,从化,江埔街,从城大道33号,21000 元/平(均价),总价280万/套起,3室,建面 92-122㎡,住宅,在售,
清水蓝湾,花都,花东镇,花都花东镇保良村溪河西路7号（即花东商业城直行300米）,价格待定,,,,住宅,售罄,
东海嘉园,越秀,五羊新城,东兴北路84、86号,85000 元/平(均价),总价1402万/套起,4室,建面 165-167㎡,住宅,在售,
盈港国际,南沙,进港大道,进港大道盈港国际,17500 元/平(均价),,,,商业类,在售,
南沙时代,南沙,进港大道,进港大道377号,24000 元/平(均价),总价195万/套起,3室/4室,建面 80-113㎡,住宅,在售,
裕豪轩,南沙,南沙旧镇,海景路8号,20000 元/平(均价),,3室,建面 102㎡,住宅,售罄,
保利越秀岭南林语,黄埔,科学城,永顺大道长岭路长岭居小学西侧10米,17000 元/平(均价),,3室,建面 116㎡,住宅,售罄,
御东雅苑,越秀,东风西,东风路与解放路交汇处（路口西南侧）,43000 元/平(均价),,2室/4室,建面 94-184㎡,住宅,售罄,
南沙保利城,南沙,黄阁,市南大道与鸡谷山路交汇处,20000 元/平(均价),总价200万/套起,3室,建面 74-125㎡,住宅,在售,
丽江花园如英居,番禺,南浦,沿沙东路丽江花园如英居,40000 元/平(均价),,,,住宅,在售,
花城悦翠园,花都,花山镇,花山大道花城悦翠园,12000 元/平(均价),,2室/3室/4室,建面 83-121㎡,住宅,售罄,
中泰天境,黄埔,科学城,九龙大道中泰天境,21000 元/平(均价),总价180万/套起,3室/4室,建面 72-130㎡,住宅,在售,
南沙珠江湾,南沙,南沙旧镇,环市大道漾滨路和海滨路交汇处,23000 元/平(均价),总价355万/套起,3室,建面 118-150㎡,住宅,在售,
景业荔都,从化,江埔街,大广高速公路南，宣星人家北面约600米,12000 元/平(均价),总价124万/套起,3室,建面 96-138㎡,住宅,在售,
金海御苑,番禺,番禺客运站,石岗南路9号(金海岸花园西侧、石岗南路东侧),15000 元/平(均价),,3室,建面 135-138㎡,住宅,售罄,
领江壹号,海珠,客村,艺景路6号,70000 元/平(均价),,3室,建面 159㎡,住宅,售罄,
广州时代云图,南沙,金洲,金隆路与双山大道交汇处,14000 元/平(均价),,2室/3室,建面 66-97㎡,住宅,售罄,
富凯星堤,荔湾,东塱,东沙荷景路1-2号,26000 元/平(均价),,,,商业类,在售,
尚东数字居,番禺,星河湾,番禺大道北25号,26000 元/平(均价),,,,商业类,在售,
颐和盛世,花都,炭步,佛一环官抱路（86）颐和盛世,11500 元/平(均价),总价117万/套起,2室/3室/4室,建面 102-132㎡,住宅,在售,
祈福万景峰祈福天龙苑,花都,铁路西,新街大道望亭路6号,24000 元/平(均价),总价97万/套起,3室,建面 102㎡,住宅,在售,
恒大珺睿,天河,珠江新城东,黄埔大道西128号,85000 元/平(均价),,,,商业类,在售,
敏捷御峰国际,番禺,会江,105国道香江野生动物园西门,16000 元/平(均价),,,,商业类,在售,
腾飞园中新里,黄埔,知识城,九龙大道地铁棠下站南向100米,价格待定,,,,住宅,未开盘,
招商城市主场,番禺,万博,汉溪大道与兴南大道交汇处,26000 元/平(均价),,,,商业类,在售,
东湖洲花园2区,番禺,番禺客运站,石基镇傍雁路883号,30000 元/平(均价),,,,住宅,在售,
时代天韵,黄埔,知识城,中新广州知识城南起步区九龙大道中地铁14号支线何棠下站西南面400米,25000 元/平(均价),总价250万/套起,3室/4室,建面 91-138㎡,住宅,在售,
敏捷科创中心,白云,太和,北太路1627号,15000 元/平(均价),总价61万/套起,1室,建面 55㎡,商业类,在售,
嘉富广场东山一品,越秀,水荫,水荫路69号,90000 元/平(均价),总价1125万/套起,3室/4室,建面 125-143㎡,住宅,在售,
纵横国际公寓,海珠,赤岗,新港中路456号,46000 元/平(均价),总价286万/套起,1室,建面 54-86㎡,住宅,在售,
南沙湾东苑,南沙,南沙港,港前大道英东中学西南方向500米,32000 元/平(均价),,2室,建面 88㎡,住宅,售罄,
越秀可逸江畔,番禺,桥南,市桥南区南城路（番禺中学旁）,16000 元/平(均价),,,,住宅,售罄,
越秀可逸江畔,番禺,桥南,南城路越秀可逸江畔,15000 元/平(均价),,,,商业类,售罄,
碧桂园星港国际,花都,新区,迎宾大道东侧（广大附中斜对面）,15000 元/平(均价),总价84万/套起,1室/2室,建面 55-110㎡,商业类,在售,
云峰花园4期,花都,镜湖大道,广州市花都区镜湖路2号（花都迎宾大道）,11495 元/平(均价),,,,住宅,售罄,
信业尚誉,番禺,东怡新区,亚运大道信业尚誉,12500 元/平(均价),,,,住宅,售罄,
大岗翡翠蓝湾北区,南沙,大岗镇,高沙路蓝华街21号,13300 元/平(均价),,3室,建面 98㎡,住宅,售罄,
锦珠广场,南沙,环市大道西,环市大道西与大涌路交汇处,27500 元/平(均价),,,,商业类,在售,
昊龙花园北区,番禺,桥南,桥南街中华大路893号,31000 元/平(均价),,3室,建面 120㎡,住宅,未开盘,
宝峰春天,花都,狮岭镇,宝峰南路宝峰春天,13500 元/平(均价),,2室/3室,建面 77-107㎡,住宅,售罄,
祈福黄金海岸一期,花都,赤坭镇,赤坭镇集益水库边,价格待定,,12室,建面 631㎡,别墅,售罄,
保利金融大都汇,天河,金融城,黄埔大道,45000 元/平(均价),,,,商业类,售罄,
祈福缤纷汇,番禺,祈福新村,钟村街祈福新邨,39800 元/平(均价),总价185万/套起,1室/2室/3室,建面 41-95㎡,住宅,在售,
华润天合,天河,黄村,大灵山路400号,47000 元/平(均价),,4室,建面 160㎡,住宅,售罄,
新凯广场,南海,千灯湖,佛山市南海区永胜西路22号(万达广场南侧),15000 元/平(均价),,,,商业类,售罄,
中汇大厦,南海,桂城北（南海广场）,南海大道桂城南二路中汇大厦,14000 元/平(均价),,1室,建面 39㎡,商业类,售罄,
新动力广场,三水,北江新区,西南街道西青大道新动力广场,12500 元/平(均价),总价63万/套起,1室/2室,建面 35-79㎡,商业类,在售,
中海金沙水岸,南海,里水,沿江北路中海金沙水岸,18000 元/平(均价),总价117万/套起,3室/4室/5室,建面 90-270㎡,住宅,售罄,
华盛圆坊名荟,三水,范湖,乐平镇范湖龙湖路华盛圆坊名荟,50 万/套(总价),总价51万/套起,3室,建面 88-89㎡,住宅,售罄,
世博广场,禅城,魁奇,汾江南路38号,12000 元/平(均价),,,,商业类,售罄,
万科海上传奇,荔湾,芳村,芳村大道珠江隧道口以西,50000 元/平(均价),,,,商业类,在售,
物联创智谷,顺德,乐从,乐中路139号,13500 元/平(均价),总价54万/套起,2室/3室,建面 40-72㎡,商业类,在售,
中恒海晖城,南海,狮山,狮山镇桂丹路99号,16000 元/平(均价),总价167万/套起,4室,建面 66-145㎡,住宅,在售,
悦万城,南海,佛平路,南海大道北46号,23000 元/平(均价),总价561万/套起,4室,建面 216㎡,住宅,在售,
滨海御庭,禅城,澜石,东平二路3号,17000 元/平(均价),总价49万/套起,1室,建面 29-46㎡,商业类,售罄,
港宏世家,禅城,南庄,紫洞路南路98号,9000 元/平(均价),,,,商业类,售罄,
叠翠轩,从化,太平镇,花园路10巷北侧40米,14000 元/平(均价),总价128万/套起,2室/3室,建面 91-111㎡,住宅,在售,
广州亚运城,番禺,亚运城,石楼镇亚运南路,29000 元/平(均价),总价332万/套起,4室,建面 75-135㎡,住宅,在售,
祈福聚龙堡,花都,花山镇,花山镇菊花石大道9号,15000 元/平(均价),总价128万/套起,3室,建面 90㎡,住宅,在售,
峰湖御境,黄埔,科学城,天麓南路联和村内(广汕公路与天麓南路交汇处),35000 元/平(均价),总价270万/套起,2室/3室/5室/6室/8室,建面 77-586㎡,住宅,在售,
大洋江畔雅苑,海珠,昌岗,北京路太平沙牌坊直入（近地铁北京路站A出口）,70000 元/平(均价),总价256万/套起,1室/2室/3室,建面 36-145㎡,住宅,在售,
金茂湾,南沙,南沙区府,凤凰大道外国语学院对面,价格待定,,4室,建面 240㎡,住宅,售罄,
广州融创文旅城,花都,花山镇,"平步大道东广州万达文化旅游城, 曙光路广州万达文化旅游城",27000 元/平(均价),总价250万/套起,2室/3室/4室,建面 92-147㎡,住宅,在售,
金地天河公馆,天河,黄村,奥体路（珠吉路以西，临近世界大观和奥体中心）,43000 元/平(均价),总价719万/套起,4室,建面 167㎡,住宅,在售,
逸翠庄园,增城,荔城西区,增城大道292号,400 万/套(总价),总价400万/套起,4室,建面 188-213㎡,别墅,未开盘,
紫薇丽都,花都,新区,新华街兰花路5号,19000 元/平(均价),,,,住宅,售罄,
紫泉流溪湾,从化,太平镇,何家埔康乐西路与紫泉大道交口北 流溪河旁2公里,25000 元/平(均价),总价895万/套起,6室,建面 447-529㎡,别墅,在售,
庄士映蝶蓝湾二期,番禺,石楼,莲港大道,价格待定,,,,住宅,售罄,
班芙小镇,花都,狮岭镇,建设北路狮岭段西侧班芙小镇,14500 元/平(均价),总价154万/套起,4室/5室,建面 96-156㎡,住宅,在售,
时代南湾,南沙,南沙港,港前大道北路南沙游艇会对面,15000 元/平(均价),,4室,建面 180㎡,住宅,售罄,
骏威锦东花园,花都,新区,新华街桂花路61号,30000 元/平(均价),总价550万/套起,4室,建面 188-222㎡,住宅,售罄,
碧桂园蜜柚,南沙,进港大道,进港大道北侧（南沙碧桂园对面）,20000 元/平(均价),,4室,建面 125㎡,住宅,售罄,
星河湾半岛四期,番禺,夏滘,沙溪大道星河湾半岛（华南快速干线沙溪出口）,83000 元/平(均价),总价2430万/套起,4室/5室,建面 285-682㎡,住宅,在售,
金融街花溪小镇,花都,花东镇,花都大道东228号,14000 元/平(均价),总价144万/套起,3室/4室/5室,建面 103-130㎡,住宅,在售,
保利星海小镇,南沙,榄核镇,榄核镇镇南路南侧,18000 元/平(均价),总价240万/套起,4室,建面 104-134㎡,住宅,在售,
万科尚城,黄埔,夏园,黄埔东路与丹水坑路交界（南岗地铁站旁）,31000 元/平(均价),总价256万/套起,3室/4室,建面 78-105㎡,住宅,售罄,
凤凰御景,花都,新区,凤凰北路34号,400 万/套(总价),,,,住宅,售罄,
华海山屿海,南沙,南沙港,黄山鲁森林公园南侧华海山屿海,24000 元/平(均价),总价189万/套起,2室/3室,建面 78-118㎡,住宅,在售,
尚东柏悦府,天河,珠江新城东,珠江新城花城大道98号,160000 元/平(均价),总价6992万/套起,4室,建面 437㎡,住宅,在售,
珠光新城御景,天河,珠江新城东,珠江新城花城大道与平江路交界（地铁5号线潭村站B出口旁）,90000 元/平(均价),,4室,建面 154㎡,住宅,售罄,
珠江东境花园,天河,车陂,科韵北路渔民新村旁,80000 元/平(均价),,4室,建面 284㎡,别墅,售罄,
长华国际中心,南海,狮山,狮山镇博爱路68号,14000 元/平(均价),,1室/2室,建面 64-126㎡,商业类,售罄,
万通国际,禅城,澜石,汾江南路49、51号,价格待定,,1室,建面 26-54㎡,商业类,售罄,
岭南天地尚苑,禅城,祖庙,禅城兆祥路33号,20000 元/平(均价),,,,住宅,售罄,
龙光天湖华府,禅城,湖景,绿景三路39号,20000 元/平(均价),,,,住宅,售罄,
大夫山尚东,番禺,市桥,禺山西路东桥大街68号,26000 元/平(均价),总价246万/套起,3室/4室,建面 88-110㎡,住宅,在售,
东方文德森岛湖,花都,狮岭镇,狮岭大道东63号,18500 元/平(均价),总价160万/套起,3室/4室,建面 89-124㎡,住宅,在售,
敏捷星悦国际,增城,凤凰城,新新大道中,19000 元/平(均价),,,,商业类,在售,
康格斯花园红棉苑,顺德,大良西北区,大良古楼105国道西侧,10000 元/平(均价),,,,住宅,售罄,
麒麟广场,南沙,黄阁,黄阁大道大井村麒麟广场,14000 元/平(均价),,,,商业类,在售,
中鼎名汇,黄埔,黄埔区府,广州市黄埔区丰乐北路52、68、76、116号。,24000 元/平(均价),,,,商业类,在售,
绿岛明珠,禅城,南庄,南庄大道68号,11000 元/平(均价),总价46万/套起,1室,建面 39-51㎡,商业类,售罄,
广晟万博城,番禺,万博,万博二路广晟万博城（万博二路与汉溪大道交界）,65000 元/平(均价),总价269万/套起,4室,建面 93㎡,商业类,售罄,
越秀岭南隽庭,禅城,岭南大道,同济东路28号,16500 元/平(均价),总价82万/套起,2室/3室,建面 31-81㎡,商业类,在售,
华筑翡翠湾,番禺,大石,大石沿江东路22号,38000 元/平(均价),总价395万/套起,3室/4室,建面 73-136㎡,住宅,在售,
天颐华府,番禺,市桥北,富怡路罗家村段6号,65000 元/平(均价),总价1572万/套起,5室/6室,建面 262-312㎡,别墅,在售,
新澳ITI国际,南海,盐步,大沥镇盐步蟾龙路2号新澳商务大厦,18000 元/平(均价),,2室,建面 68㎡,商业类,售罄,
越秀星汇海珠湾,海珠,工业大道中,工业大道中广纸路40号,40000 元/平(均价),总价132万/套起,1室/3室,建面 33-61㎡,商业类,在售,
越秀星汇海珠湾,海珠,工业大道中,广纸路40号,58000 元/平(均价),总价599万/套起,4室,建面 76-113㎡,住宅,在售,
太平洋国际花园,顺德,陈村,赤花白陈路1号,24000 元/平(均价),总价106万/套起,1室/2室,建面 40-90㎡,住宅,在售,
融创御府,南海,大沥,大沥岭南路,20000 元/平(均价),,3室/4室,建面 90-146㎡,住宅,售罄,
顺德荔园新天地,顺德,陈村,白陈路(兰花市场旁),21000 元/平(均价),总价193万/套起,3室,建面 92-127㎡,住宅,在售,
万荟玖珑,南海,大沥,大沥镇岭南路63号,价格待定,,,,住宅,售罄,
嘉悦公馆,顺德,陈村,陈村赤花居委白陈路27号,7600 元/平(均价),总价29万/套起,1室/2室,建面 38-76㎡,商业类,售罄,
保利珑门,南海,大沥,大沥镇岭南路（九龙公园北侧）,20000 元/平(均价),,2室/3室,建面 90-127㎡,住宅,售罄,
碧桂园印象花城,顺德,陈村,广珠西线石洲出口往陈村大道方向,18000 元/平(均价),,,,住宅,售罄,
珑耀华府,南海,盐步,盐步蟾龙北路1号,14500 元/平(均价),总价129万/套起,3室/4室,建面 89-122㎡,住宅,售罄,
美的花湾城,顺德,陈村,佛陈大道88号,19000 元/平(均价),总价227万/套起,3室/4室,建面 94-140㎡,住宅,在售,
御秀名门,南海,盐步,盐步穗盐西路,14000 元/平(均价),总价42万/套起,1室,建面 30-52㎡,商业类,在售,
润丰花园,南海,盐步,大沥镇盐步纺织路中段,15000 元/平(均价),总价195万/套起,3室,建面 130㎡,住宅,售罄,
金地悦荔,南海,盐步,穗盐东路与河东中心路交界处,23000 元/平(均价),,3室/4室,建面 89-136㎡,住宅,售罄,
保利翡翠公馆,禅城,南庄,科海路18号,16500 元/平(均价),总价221万/套起,4室,建面 98-188㎡,住宅,在售,
非凡领域（粤晖富居）,南海,平洲,同济东路同兴路8号,14500 元/平(均价),,,,住宅,售罄,
富力广场,禅城,福升,新堤路,16500 元/平(均价),,,,住宅,售罄,
金时花园,增城,荔城增江,增江街纬六路5号,18500 元/平(均价),总价151万/套起,2室/3室,建面 84-138㎡,住宅,在售,
乐从风度广场,顺德,乐从,乐从映翠北路1号,15000 元/平(均价),,3室,建面 98-128㎡,住宅,售罄,
碧桂园华府,南海,大沥,大沥新城大道3号,17000 元/平(均价),,,,住宅,售罄,
领地海纳君庭,南海,大沥,广云路与禅炭路交汇处,14000 元/平(均价),,,,住宅,售罄,
保利公园里（保利紫荆公馆）,顺德,乐从,映翠北路3号,15000 元/平(均价),总价103万/套起,2室/4室,建面 69-171㎡,住宅,在售,
金海MCITY,顺德,乐从,裕和路与文华南路交汇处东南角,20000 元/平(均价),,3室/4室,建面 94-171㎡,住宅,在售,
国华新都,南海,大沥,佛山市南海区大沥镇广佛路与太平大道交汇处(太平牌坊旁),14500 元/平(均价),总价151万/套起,3室/4室,建面 89-199㎡,住宅,在售,
伟业华誉豪庭,南海,大沥,大沥镇竹基南路与城南一路交汇处,11000 元/平(均价),,2室/3室/4室,建面 75-125㎡,住宅,售罄,
柏涛湾豪园,顺德,均安,百安北路21号,7000 元/平(均价),总价28万/套起,1室/2室,建面 40-85㎡,住宅,售罄,
鸿业畔湖居,南海,大沥,广佛新干线与虹岭路交汇处,11500 元/平(均价),总价128万/套起,3室/4室,建面 108-139㎡,住宅,在售,
林上湾,顺德,北滘,北滘镇木华路1号,价格待定,,,,住宅,售罄,
嘉濠雅苑,顺德,北滘,陈村镇南涌芸香围18号,价格待定,,,,住宅,未开盘,
龙光水悦熙园,顺德,容桂,桂新东路1号,13000 元/平(均价),,3室,建面 88㎡,住宅,售罄,
绿地香树花园,南海,里水,里水大道南侧,18500 元/平(均价),,,,住宅,售罄,
龙成国际,顺德,龙江,龙江镇世埠社区居民委员会文华路96号,7200 元/平(均价),,1室,建面 40㎡,商业类,售罄,
富力伯爵山,南沙,南沙港,英东大道,18000 元/平(均价),总价450万/套起,3室/5室,建面 130-248㎡,住宅,售罄,
保利星海小镇,南沙,榄核镇,榄核镇镇南路南侧,559 万/套(总价),总价450万/套起,4室,建面 146-148㎡,别墅,在售,
美的翰城,顺德,北滘,东兴路美的翰城,17500 元/平(均价),,,,住宅,售罄,
樵汇花园,南海,西樵,西樵官太路9号,9000 元/平(均价),,2室,建面 72㎡,住宅,售罄,
江山一品,南海,西樵,西樵镇北江大堤路6号,13000 元/平(均价),总价114万/套起,3室/4室,建面 88-220㎡,住宅,在售,
美的君兰江山,顺德,北滘,北滘镇君兰国际高尔夫生活村,25000 元/平(均价),总价267万/套起,3室/4室,建面 106-194㎡,住宅,在售,
美的新都荟广场,顺德,北滘,人昌路3号,价格待定,,,,商业类,售罄,
雅居乐英伦首府,顺德,北滘,林上北路火炬路2号,21000 元/平(均价),,2室/3室,建面 97-134㎡,住宅,售罄,
花都颐和山庄开花的树,花都,狮岭镇,梯面镇106国道与山前大道交界,13000 元/平(均价),,3室,建面 96-113㎡,住宅,售罄,
粤海宝华轩,荔湾,西关,文昌南路旧宝华23号,43500 元/平(均价),,2室,建面 77㎡,住宅,售罄,
华强广场,禅城,福升,高基街209号汾江中路华强广场,13000 元/平(均价),总价68万/套起,1室/2室,建面 47㎡,住宅,售罄,
中旅银湾花园,南海,西樵,西岸旅游产业园（A区）地段,8500 元/平(均价),,3室/4室,建面 107-171㎡,住宅,售罄,
卓远广场,禅城,石湾,季华三路63号,15000 元/平(均价),,,,住宅,售罄,
佛奥湾,顺德,乐从,乐从大道东B268号,16500 元/平(均价),总价180万/套起,3室/4室/5室/6室,建面 81-400㎡,住宅,在售,
乐从风度花园,顺德,乐从,乐从映翠北路,11500 元/平(均价),总价273万/套起,4室,建面 238㎡,住宅,在售,
名汇浩湖湾,南海,大沥,大沥镇横岗村委会(南海大浩湖度假区旁),14000 元/平(均价),总价139万/套起,3室/4室,建面 96-140㎡,住宅,在售,
罗马家园龙禧,海珠,沥滘,南洲路88号地铁三号线沥滘站,43000 元/平(均价),,4室,建面 215㎡,住宅,售罄,
涛汇豪庭,顺德,杏坛,杏坛镇商业大道59号,11000 元/平(均价),,,,住宅,售罄,
星英半岛,顺德,陈村,陈村镇潭洲村委会登洲二街1号,20000 元/平(均价),,3室/4室,建面 123-145㎡,住宅,售罄,
樵岭国际商业中心,南海,西樵,江浦路与樵金路交汇处,价格待定,总价257万/套起,5室,建面 234㎡,住宅,售罄,
宏泽豪轩,顺德,容桂,会竹云街21号,7000 元/平(均价),,,,住宅,售罄,
凯蓝滨江公馆,顺德,容桂,东堤路（东堤路以南，凤祥北路以东）,价格待定,,5室,建面 157㎡,住宅,售罄,
汇银W新港湾,禅城,南庄,南庄大道东220号（石南大桥南）,11000 元/平(均价),,,,住宅,售罄,
均安尚苑,顺德,均安,均安镇齐安路33号,8800 元/平(均价),总价117万/套起,4室,建面 195㎡,住宅,售罄,
顺德保利中央公园,顺德,伦教,荔村村委会南苑东路,16000 元/平(均价),总价141万/套起,2室/3室/4室,建面 83-140㎡,住宅,在售,
怡翠晋盛御园,顺德,乐从,乐从镇佛山新城富华路6号,25000 元/平(均价),总价230万/套起,3室/4室,建面 92-243㎡,住宅,售罄,
绿岛明珠,禅城,南庄,南庄大道68号,13000 元/平(均价),总价248万/套起,4室/5室,建面 211-418㎡,住宅,在售,
龙光·尚街,顺德,容桂,文海西路16号,9500 元/平(均价),,,,商业类,售罄,
绿岛湖壹号,禅城,南庄,禅港东路62号,18500 元/平(均价),总价161万/套起,3室,建面 86-160㎡,住宅,在售,
招商公园1872,顺德,大良新区,大良兴顺路1号依云郡花园,价格待定,,3室/4室/5室,建面 145-244㎡,住宅,售罄,
桂丹颐景园,南海,丹灶,丹灶桂丹西路22号,11500 元/平(均价),,1室/4室,建面 38-133㎡,住宅,售罄,
上林苑,南海,狮山,南海狮山镇三环东路9号（邻近小塘行政商业中心）,15800 元/平(均价),总价227万/套起,4室,建面 118-144㎡,住宅,在售,
奥园公园一号,南海,罗村,状元路与北湖二路交汇处,价格待定,,3室/4室,建面 107-143㎡,住宅,售罄,
招商雍景湾,禅城,南庄,季华西路139号,15500 元/平(均价),总价311万/套起,5室,建面 201㎡,住宅,售罄,
东怡水岸花园桂花洲,顺德,容桂,容桂西堤二路东怡水岸花园,13000 元/平(均价),,3室,建面 226㎡,住宅,售罄,
美的广场·擎峰,顺德,大良东区,大良南国东路388号美的广场,16000 元/平(均价),总价505万/套起,5室/6室,建面 316-437㎡,住宅,售罄,
骏景君临名邸,顺德,大良东区,新桂南路2号,价格待定,,,,住宅,售罄,
碧桂园天玺湾,南沙,进港大道,进港大道555号,23000 元/平(均价),,3室,建面 330㎡,别墅,售罄,
保利桃花源,从化,江埔街,中山大学南方学院南门,15000 元/平(均价),总价175万/套起,2室,建面 93-199㎡,别墅,在售,
天晟·海琴湾,南海,丹灶,丹灶金沙大桥侧,12000 元/平(均价),总价177万/套起,4室,建面 148-193㎡,住宅,在售,
和丰颖苑,南海,丹灶,丹灶镇桂丹西路121号,11500 元/平(均价),总价43万/套起,1室/3室,建面 39-127㎡,住宅,在售,
尚观嘉园,南海,罗村,罗村街道罗村大道中（光明小学旁）,15500 元/平(均价),总价139万/套起,3室,建面 90-137㎡,住宅,在售,
翠湖绿洲花园,南海,罗村,罗村贵隆路1号,15500 元/平(均价),总价156万/套起,3室/4室,建面 88-170㎡,住宅,在售,
长信银湾,南海,罗村,罗村大道中2号,14000 元/平(均价),,,,住宅,售罄,
万科金域滨江,顺德,大良新区,大良德胜中路13号万科金域滨江广场,19500 元/平(均价),总价181万/套起,3室/4室,建面 93-144㎡,住宅,在售,
融创湖滨世家,禅城,南庄,南庄镇禅港路西侧,价格待定,,3室/4室/5室,建面 158-306㎡,住宅,售罄,
顺德华侨城天鹅湖,顺德,大良东区,顺德大良南国东路与碧桂路交汇处,22000 元/平(均价),总价259万/套起,3室/4室,建面 118-243㎡,住宅,在售,
峰湖御境,黄埔,科学城,天鹿南路峰湖御境,53000 元/平(均价),总价1750万/套起,4室/7室,建面 300-520㎡,别墅,在售,
都市经典,顺德,均安,均安镇鹤峰路1号,12000 元/平(均价),总价104万/套起,3室/4室,建面 93-130㎡,住宅,售罄,
新幸福领汇家园,顺德,容桂,容桂桂洲大道西1号新幸福领汇家园,8500 元/平(均价),,3室/4室,建面 129-164㎡,住宅,售罄,
龙湖春江名城,顺德,大良新区,大良德胜西路8号龙湖春江名宸花园,14500 元/平(均价),,3室/4室,建面 98-140㎡,住宅,售罄,
荔城尚东,增城,荔城西区,增城大道168号,19000 元/平(均价),总价580万/套起,4室/5室/8室,建面 232-507㎡,别墅,在售,
依云国际,顺德,乐从,乐从镇汾江南路235号,12000 元/平(均价),,,,商业类,售罄,
涟岸,禅城,南庄,科润路10号,15000 元/平(均价),,,,住宅,售罄,
宏宇海山壹号,顺德,大良东区,大良海山路1号景裕名都花园,19000 元/平(均价),总价632万/套起,4室/5室,建面 182-371㎡,住宅,在售,
万科金域花园,南海,平洲,桂城街道永胜东路4号,价格待定,,,,住宅,售罄,
深业城,顺德,北滘,北滘105国道与林港路交汇处,19500 元/平(均价),总价196万/套起,3室/4室,建面 91-254㎡,住宅,在售,
奥园冠军城,南海,狮山,博爱路与科技路交汇（狮山中心小学旁）,11500 元/平(均价),,,,住宅,售罄,
顺德绿地中心,顺德,大良东区,东乐路与桂畔海交汇处,价格待定,,2室,建面 126㎡,住宅,售罄,
慧聪家电城,顺德,北滘,广教路1号,9500 元/平(均价),,,,商业类,售罄,
嘉信城市花园帝苑,顺德,大良新区,大良祥和路,21000 元/平(均价),,2室/3室,建面 90-92㎡,住宅,售罄,
颐澳花园,顺德,容桂,西巷南路30号,价格待定,,,,住宅,售罄,
金地珑悦,禅城,湖景,桂城街道季华七路,22000 元/平(均价),,3室/4室,建面 89-143㎡,住宅,售罄,
金地天玺,顺德,大良东区,大良驹荣北路2号,22000 元/平(均价),总价957万/套起,4室/8室,建面 292-720㎡,住宅,在售,
南海万科广场,南海,佛平路,佛平路与桂澜路交界（南桂路地铁站B1出口）,30000 元/平(均价),总价273万/套起,3室/4室,建面 91-115㎡,住宅,在售,
合盛盈翠雅筑,增城,小楼镇,小楼镇春天路2号,25000 元/平(均价),总价450万/套起,5室,建面 215-268㎡,别墅,在售,
金茂华美达,顺德,北滘,林上路6号,10000 元/平(均价),,,,商业类,售罄,
保利上城,顺德,龙江,东华路23号,14000 元/平(均价),,3室,建面 145-189㎡,住宅,售罄,
天悦湾花园,顺德,大良东区,大良海山路2号天悦湾花园,18000 元/平(均价),,,,住宅,售罄,
中海寰宇天下,南海,千灯湖,桂城街道桂澜中路18号,28000 元/平(均价),,,,住宅,售罄,
敏捷畔海御峰,顺德,大良东区,大良锦上西路2号畔海御峰花园,20500 元/平(均价),总价219万/套起,3室/4室,建面 100-322㎡,住宅,在售,
佳兆业滨江一号,南海,千灯湖,桂城街道金融高新区B区中央大街水岸新都花园,价格待定,,3室,建面 88㎡,住宅,售罄,
当代万国府MOMΛ,南海,千灯湖,海八路与佛山一环交汇处（中控大厦旁）,25000 元/平(均价),,3室/4室,建面 93-150㎡,住宅,售罄,
博澳城,顺德,大良北区,大良伦桂路1号,14500 元/平(均价),总价134万/套起,3室,建面 93-95㎡,住宅,在售,
中海繁华里,南海,平洲,桂城街道大德路3号,25000 元/平(均价),,,,住宅,售罄,
金湖花园金湖翡翠山,白云,沙太北,沙太北路938号,55000 元/平(均价),,4室,建面 228㎡,别墅,售罄,
康格斯花园凤凰苑,顺德,大良西北区,105国道大良路段(大良古楼旁),13500 元/平(均价),,,,住宅,售罄,
光明花半里,南海,罗村,狮山镇罗村大道南1号,16500 元/平(均价),总价141万/套起,3室/4室,建面 85-160㎡,住宅,在售,
海湾城,禅城,石湾,华宝南路19号(汇丰银行对面),12900 元/平(均价),,3室/4室,建面 108-154㎡,住宅,售罄,
领地海纳珑庭,禅城,张槎,轻工二路与江海路交汇处,价格待定,,3室/4室,建面 90-110㎡,住宅,售罄,
恒福天悦,南海,狮山,狮山镇广云路303号,14500 元/平(均价),总价114万/套起,3室,建面 79-141㎡,住宅,在售,
京华广场,南海,千灯湖,桂城街道融和路16号,19000 元/平(均价),总价106万/套起,1室,建面 56㎡,商业类,售罄,
佛山恒大城,南海,狮山,狮山镇321国道广云路段（狮城中学旁）,16300 元/平(均价),总价142万/套起,2室/3室/4室,建面 68-119㎡,住宅,售罄,
绿地未来城,禅城,张槎,兴业二路,10000 元/平(均价),总价108万/套起,3室,建面 90㎡,住宅,在售,
信基广场,南海,九江,九江大正路北2号,8500 元/平(均价),,1室,建面 43-63㎡,商业类,售罄,
观山上岛,南海,西樵,西樵镇樵高路2号,15000 元/平(均价),,3室/4室,建面 94-153㎡,住宅,售罄,
广佛颐景园,顺德,陈村,白陈路190号,21500 元/平(均价),,3室,建面 112-133㎡,住宅,售罄,
伦教碧桂园,顺德,伦教,伦教南苑西路8号伦教碧桂园御府,16500 元/平(均价),,3室/4室/5室,建面 88-190㎡,住宅,售罄,
金海岸花园,顺德,杏坛,杏龙路73号,8500 元/平(均价),,,,住宅,售罄,
宏鼎景裕豪园,南海,桂城北（南海广场）,桂城街道南一路76号,29000 元/平(均价),总价255万/套起,3室,建面 88-188㎡,住宅,在售,
富丰君御,南海,平洲,南海桂城街道佛平四路和夏东路交汇处,24000 元/平(均价),总价328万/套起,3室,建面 137㎡,住宅,在售,
世爵府邸,南海,西樵,南海区樵华路1号世爵府邸,14000 元/平(均价),总价123万/套起,3室,建面 88-112㎡,住宅,在售,
越秀星汇云锦,南海,天佑,桂城南海大道与南桂东路交汇处,25000 元/平(均价),,2室/3室,建面 83-170㎡,住宅,售罄,
盈信城市花园,南海,九江,九江镇下北大道2号,5500 元/平(均价),,,,住宅,售罄,
珠水豪庭,南海,黄岐,黄岐北环路138号,29000 元/平(均价),,,,住宅,在售,
依岸康堤花园,南海,平洲,南海桂平中路63-67号,20000 元/平(均价),总价284万/套起,3室,建面 142-180㎡,住宅,售罄,
誉江华府,南海,九江,九江镇江滨新区331号,12000 元/平(均价),总价141万/套起,4室/5室,建面 112-169㎡,住宅,在售,
誉江华府.誉海半岛,南海,九江,佛山市南海区九江镇江滨新区331号,16000 元/平(均价),总价680万/套起,3室,建面 538㎡,别墅,在售,
童梦天下,禅城,石湾,禅城季华二路北侧,价格待定,,4室,建面 124㎡,住宅,售罄,
玖珑湖悦沐庄,花都,北兴镇,花东镇瓴湖路九龙湖度假区,22000 元/平(均价),,3室,建面 360㎡,别墅,售罄,
中国美林湖星海游艇别墅,花都,山前大道,山前大道中国美林湖星海游艇,16000 元/平(均价),总价500万/套起,4室,建面 317-344㎡,别墅,在售,
恒大御景,南海,狮山,狮山镇广云路313号,8800 元/平(均价),,,,住宅,售罄,
中铁建国际公馆,南海,千灯湖,桂城金融B区滨江二路旁,价格待定,,3室,建面 148㎡,住宅,售罄,
中海山语湖,南海,里水,佛山南海里水和顺美景大道,16800 元/平(均价),,3室/4室,建面 131-168㎡,住宅,售罄,
美立方花园,南海,狮山,狮山镇红星南路19号,价格待定,,3室,建面 90㎡,住宅,未开盘,
东湖映月,白云,龙归,龙河西路东湖映月,33000 元/平(均价),,4室,建面 217㎡,别墅,售罄,
颐和盛世,花都,炭步,佛一环官抱路（86）颐和盛世,15000 元/平(均价),总价892万/套起,5室,建面 496㎡,别墅,在售,
富力泉天下,从化,温泉镇,温泉镇山岭路19号,15000 元/平(均价),总价350万/套起,3室/4室/6室,建面 190-406㎡,别墅,在售,
珠光流溪御景,从化,神岗镇,从化流溪河畔（105国道旁），赤草地铁站北面2.5公里,17000 元/平(均价),总价950万/套起,4室/6室,建面 290-609㎡,别墅,在售,
招商臻园,禅城,湖景,彩虹路68号,价格待定,总价224万/套起,3室,建面 112㎡,住宅,售罄,
望谷温泉小镇,从化,温泉镇,温泉西路8号望谷温泉小镇,15000 元/平(均价),总价405万/套起,5室,建面 245-267㎡,别墅,在售,
金沙半岛,南海,里水,里水大道南上沙路,22000 元/平(均价),总价195万/套起,3室/4室,建面 89-143㎡,住宅,在售,
保利i立方,增城,永和,增城永宁大道（时代廊桥旁）,价格待定,,4室/5室,建面 97-104㎡,住宅,售罄,
中恒海晖花园,南海,里水,里水镇和顺里和公路白岗路段西侧（土名）“白蒙桥”地段,10000 元/平(均价),,,,住宅,售罄,
誉江华府.誉江半岛,南海,九江,九江镇江滨新区331号,12000 元/平(均价),,,,住宅,售罄,
佳兆业金域天下,顺德,容桂,容桂外环路佳兆业金域花园,10500 元/平(均价),,2室/3室/4室,建面 103-134㎡,住宅,售罄,
东圣维拉,顺德,容桂,容里骏晖路3号,17500 元/平(均价),,3室,建面 156㎡,住宅,售罄,
金地香山湖,增城,永和,永和新新大道15号,16500 元/平(均价),总价170万/套起,3室/4室,建面 100-140㎡,住宅,在售,
伟业华誉豪庭,南海,大沥,大沥镇竹基南路与城南一路交汇处,40000 元/平(均价),,1室,建面 32㎡,底商,售罄,
保利翡翠山,花都,旧区,建设北192号（花都公安办证大厅对面）,25000 元/平(均价),,3室,建面 96-109㎡,住宅,售罄,
绿地越秀海玥,海珠,工业大道中,南边路42号,54000 元/平(均价),总价400万/套起,2室/3室,建面 73-100㎡,住宅,在售,
雅宝新城,花都,狮岭镇,新华街平步大道中131号,16500 元/平(均价),总价321万/套起,0室/4室,建面 111-195㎡,住宅,在售,
碧桂园豪园,增城,增城碧桂园,增滩公路碧桂园豪园,14000 元/平(均价),,,,住宅,售罄,
保利中航城,增城,朱村,中新镇花畔街,24000 元/平(均价),总价250万/套起,3室/4室,建面 94-126㎡,住宅,售罄,
三星金融大厦,南海,里水,里水镇里水大道南30号（旗峰小学旁）,13000 元/平(均价),总价56万/套起,2室,建面 45㎡,底商,售罄,
碧桂园豪进左岸,增城,石滩镇,石滩体育馆东行约400米处,价格待定,,3室,建面 102-123㎡,住宅,售罄,
奥园莲峰圣境,番禺,莲花山,石楼镇莲江路莲花山风景区西侧,18000 元/平(均价),总价350万/套起,4室/5室,建面 172-320㎡,住宅,在售,
三盛颐景园,南海,西樵,西樵镇樵高路3号,12000 元/平(均价),总价160万/套起,3室/4室/5室,建面 90-168㎡,住宅,售罄,
依云公馆,南海,九江,九江镇大正北路8号,9500 元/平(均价),,4室,建面 175㎡,住宅,售罄,
科恒·岭南水岸,禅城,南桂西,富盈路11号,20000 元/平(均价),,,,住宅,售罄,
保利碧桂园悦公馆,顺德,大良新区,大良德胜东路2号保利碧桂园中滨花园,17500 元/平(均价),总价246万/套起,4室,建面 115-166㎡,住宅,在售,
碧桂园华润新城之光,顺德,乐从,乐从镇同德道19号,价格待定,,4室,建面 124-138㎡,住宅,售罄,
广佛新世界,南海,大沥,狮山镇高尔夫路333号,16800 元/平(均价),总价281万/套起,5室,建面 85-161㎡,住宅,在售,
藏珑华府,顺德,陈村,国通大道东2号,21000 元/平(均价),总价233万/套起,3室/4室,建面 95-126㎡,住宅,在售,
恒大帝景,顺德,大良东区,顺德大良街道东乐路与云阳路交汇处,22000 元/平(均价),总价644万/套起,4室/6室,建面 293-325㎡,住宅,未开盘,
保利葉公馆,南海,千灯湖,南平西路与桂澜路交界处（礌岗地铁B出口）,32000 元/平(均价),总价308万/套起,3室/4室,建面 96-140㎡,住宅,在售,
城光荟景,顺德,容桂,新展路28号,12000 元/平(均价),总价105万/套起,3室/4室,建面 87-161㎡,住宅,售罄,
美的御海东郡·东畔岛,顺德,容桂,外环路及建业路交汇处,10000 元/平(均价),,2室/3室/4室,建面 104-156㎡,住宅,售罄,
雅居乐御景豪庭,南海,大沥,大沥镇振兴路80号（巴黎春天步行街旁）,15500 元/平(均价),,3室,建面 115-130㎡,住宅,售罄,
悦珑湖,南海,西樵,西樵镇碧霞三路2号,13000 元/平(均价),总价127万/套起,3室/4室,建面 87-139㎡,住宅,在售,
江滨花园锦绣龙湾,南海,西樵,樵高路3号,13000 元/平(均价),总价162万/套起,3室/4室,建面 125-230㎡,住宅,在售,
劲嘉金棕榈湾,南海,大沥,大沥广佛新干线与虹岭路交汇处,8000 元/平(均价),总价200万/套起,4室/5室,建面 252-338㎡,住宅,售罄,
三水博雅滨江,三水,西南街道,佛山市三水区西南街道文锋西路55号,9500 元/平(均价),总价106万/套起,4室/5室,建面 112-206㎡,住宅,在售,
名铸家园,顺德,勒流,勒流育贤路8号,14800 元/平(均价),总价137万/套起,3室/4室,建面 93-185㎡,住宅,在售,
三水·帝景湾,三水,西南街道,佛山市三水区西南街道三达南路1号,8300 元/平(均价),,5室,建面 200㎡,住宅,售罄,
明浦居,南海,九江,九江洛浦路与新堤西路交汇处,8500 元/平(均价),,4室,建面 347㎡,住宅,售罄,
万科·湖岸,南海,佛平路,桂城街道气象路20号,26000 元/平(均价),,5室,建面 188㎡,住宅,售罄,
奥园观湖尚居,南海,狮山,狮山镇官窑永安大道西232号,14000 元/平(均价),,3室/4室,建面 92-122㎡,住宅,售罄,
聚豪雅居,南海,西樵,樵乐路82号,10000 元/平(均价),总价108万/套起,3室,建面 90-100㎡,住宅,售罄,
聚雅华庭,顺德,均安,均安镇齐安路28号,9800 元/平(均价),,3室,建面 94-121㎡,住宅,售罄,
丹灶碧桂园,南海,丹灶,丹灶碧桂园,12500 元/平(均价),总价151万/套起,3室/4室,建面 88-148㎡,住宅,在售,
碧桂园西樵悦府,南海,西樵,樵高路12号,14600 元/平(均价),,,,住宅,售罄,
阳光城·文澜阁,南海,盐步,盐步中学,18000 元/平(均价),,3室,建面 92-112㎡,住宅,售罄,
恒福新里程,三水,三水,佛山市三水区云东海街道德兴北路1号,13000 元/平(均价),总价120万/套起,2室/3室,建面 89-128㎡,住宅,在售,
龙光玖龙湾,禅城,石湾,季华北路4,16500 元/平(均价),,4室,建面 127-190㎡,住宅,售罄,
时代天启,增城,荔城增江,狮尾路1号（荔城中学对面）,19000 元/平(均价),总价185万/套起,3室/4室,建面 97-130㎡,住宅,在售,
招商雍华府,天河,黄村,悦景路与珠吉路交汇处,900 万/套(总价),,,,住宅,在售,
天河金茂广场,天河,沙太南,广州大道北920号(地铁三号线梅花园地铁站南侧),77000 元/平(均价),,3室,建面 105㎡,住宅,售罄,
时代康桥,花都,狮岭镇,狮岭镇金狮大道20号,14000 元/平(均价),总价105万/套起,2室/3室,建面 81-112㎡,住宅,在售,
中海万锦熙岸,南海,平洲,三山新城环岛东路1号,价格待定,,,,住宅,售罄,
东逸湾,顺德,容桂,外环路12号,价格待定,,,,住宅,售罄,
普君新城华府,禅城,祖庙,文华北路181号,21000 元/平(均价),,3室,建面 87-90㎡,住宅,售罄,
恒福丽铂公馆,三水,西南街道,西南街道三达路恒福丽铂公馆,价格待定,,,,商业类,售罄,
佛山万科广场,禅城,同济,季华五路56号1座,价格待定,,,,住宅,售罄,
珠江罗马新都,禅城,张槎,禅城轻工三路,10000 元/平(均价),,,,住宅,售罄,
保利中央公馆,南海,大沥,大沥桂和路与广佛路交汇处,价格待定,,,,住宅,售罄,
丽湖名轩,南海,西樵,西樵镇银杏路6号,价格待定,,,,住宅,售罄,
盛南新都,禅城,石湾,绿景西路8号,价格待定,,,,住宅,售罄,
罗村风度广场,南海,罗村,罗村街道南湖二路4号,价格待定,,,,住宅,售罄,
恒福国际商业中心,禅城,朝安,季华六路11号,价格待定,,,,商业类,售罄,
沙面新城,南海,金沙洲,海北大道1号沙面新城,价格待定,,,,住宅,售罄,
佳兆业壹号,天河,棠下,黄埔大道中505号,73000 元/平(均价),总价643万/套起,2室,建面 80-97㎡,住宅,在售,
万科水晶城,顺德,陈村,佛陈公路佛陈大桥脚西侧东平河岸,价格待定,,,,住宅,售罄,
力迅城筑,南海,罗村,狮山镇罗村北湖一路16号,价格待定,,,,住宅,售罄,
西山上筑,顺德,大良中区,东康三街2号,价格待定,,,,住宅,售罄,
凯德城脉,禅城,魁奇,魁奇路北侧、华远东路东侧,11000 元/平(均价),,,,住宅,售罄,
华福御水岸,南海,平洲,平洲南港大街17号,价格待定,,,,住宅,售罄,
北湖丽都,南海,罗村,南海罗村北湖一路7号(实验小学正对面),15000 元/平(均价),,,,住宅,售罄,
星辰花苑,南海,罗村,罗村街道联星社区居委会南区六路3号,12000 元/平(均价),,,,住宅,售罄,
灯湖领秀,南海,千灯湖,南海大道与海六路交汇处,价格待定,,1室,建面 56㎡,住宅,售罄,
新世界名门天下,顺德,大良中区,顺德大良清晖路148号新世界中心,价格待定,,,,住宅,售罄,
保利中环广场四期中悦花园,顺德,大良新区,国泰路与得胜中路交叉口,18000 元/平(均价),,3室,建面 135-141㎡,住宅,售罄,
汇港威华国际,增城,朱村,朱村大道东178号,19000 元/平(均价),总价160万/套起,3室,建面 83-116㎡,住宅,在售,
力诚欣悦湾,荔湾,茶滘,芳村茶滘路22号,40000 元/平(均价),总价421万/套起,3室,建面 67-123㎡,住宅,在售,
雅居乐小院流溪,从化,神岗镇,105国道雅居乐小院流溪,16000 元/平(均价),,3室/4室,建面 108-148㎡,住宅,售罄,
白天鹅花园,南海,金沙洲,黄岐海北大道,价格待定,,,,住宅,售罄,
路福联合广场,番禺,广州南站,汉溪大道与石兴大道交汇处,30000 元/平(均价),,,,写字楼,在售,
万科缤纷四季花园,顺德,陈村,顺德陈村佛陈路3号与景明路交界处(顺联广场旁),价格待定,,,,住宅,售罄,
时代倾城(南海),南海,罗村,罗村北湖一路4号,价格待定,,,,住宅,售罄,
明城壹号,高明,明城,城五路15号,7200 元/平(均价),总价68万/套起,3室/4室,建面 89-127㎡,住宅,售罄,
森悦华庭,花都,旧区,新华街环湖路10号,30000 元/平(均价),总价311万/套起,3室/4室,建面 115-170㎡,住宅,在售,
天御盈品,禅城,绿景,魁奇一路1号,价格待定,,,,住宅,售罄,
源海仙村一号,增城,石滩镇,荔新大道源海仙村一号；仙村大道源海仙村一号,15500 元/平(均价),总价145万/套起,2室/3室,建面 86-129㎡,住宅,在售,
鸿晖康怡名都,南海,平洲,永安北路永盛街2号,12800 元/平(均价),,,,商业类,售罄,
海逸锦绣蓝湾,南海,里水,里水镇甘蕉路101号,价格待定,,,,住宅,售罄,
东海国际花园一区4期,禅城,汾江北,佛山大道北38号,17000 元/平(均价),,,,住宅,售罄,
海逸·锦绣公馆,南海,里水,里水镇甘蕉路101号,价格待定,,,,住宅,售罄,
i立方云谷,禅城,石湾,季华二路世纪互联产业园内,价格待定,,,,写字楼,售罄,
东方锦华里,禅城,福升,市东上路10号,价格待定,,,,住宅,售罄,
翠堤明珠,禅城,澜石,华远东路与东平路交界处,价格待定,,,,住宅,售罄,
岭南天地东华轩一期,禅城,祖庙,祖庙路,价格待定,,,,别墅,售罄,
龙光水悦云天,顺德,容桂,容桂容奇大道东35号龙光水悦云天,9500 元/平(均价),,,,住宅,售罄,
保利西雅图,南海,平洲,港口路2号,价格待定,,,,住宅,售罄,
翠林豪庭,南海,里水,里水上亨田村3号,价格待定,,,,住宅,售罄,
凯旋名门花园,南海,狮山,科技北路5号,价格待定,,,,住宅,售罄,
玫瑰铂金公馆,禅城,石湾,清水二街25号,13300 元/平(均价),,,,住宅,售罄,
万科金域蓝湾,南海,平洲,半岛路17号,24000 元/平(均价),总价223万/套起,3室,建面 93-96㎡,住宅,在售,
腾大时代广场,南海,狮山,狮城路11号,价格待定,,,,商业类,售罄,
金莎华府,南海,丹灶,桂丹西路10号,价格待定,,,,住宅,售罄,
荟珑湾,南海,黄岐,黄岐北村大道,价格待定,,,,住宅,售罄,
深基天海城市花园,南海,大沥,竹基南路16号,价格待定,,,,住宅,售罄,
保利天玺,禅城,岭南大道,绿景二路11号,12162 元/平(均价),,,,住宅,售罄,
万科金域花园,南海,平洲,桂城街道永胜东路4号,价格待定,,1室,建面 60㎡,底商,售罄,
元邦山清水秀,花都,狮岭镇,山前大道1242号,14500 元/平(均价),总价185万/套起,3室/4室,建面 86-152㎡,住宅,在售,
保利海德公园,顺德,乐从,乐从镇富华路与华康道交汇处（世纪莲体育馆斜对面）,22000 元/平(均价),总价196万/套起,3室/4室,建面 98-172㎡,住宅,在售,
三江盛汇,增城,石滩镇,石滩镇沙庄光明西路100号,12000 元/平(均价),总价135万/套起,3室/4室,建面 111-144㎡,住宅,在售,
苹果公馆,禅城,季华,影荫路一街1号（广佛线季华园C出口）,28000 元/平(均价),,1室,建面 55㎡,商业,售罄,
当代上品湾MOMΛ,南海,里水,和顺沿江北路18号,18500 元/平(均价),总价185万/套起,3室/4室,建面 100-120㎡,住宅,售罄,
德国港,顺德,乐从,佛山新城天虹路与百合道交汇处,15000 元/平(均价),总价65万/套起,1室,建面 45-94㎡,商业类,在售,
海逸桃花源记,南海,狮山,狮山镇松岗商业大道与桃园路交汇,12500 元/平(均价),总价112万/套起,3室/4室,建面 89-162㎡,住宅,在售,
万科金域中央,南海,平洲,海八路立交东南侧万科金域中央,17500 元/平(均价),总价119万/套起,2室,建面 68㎡,商业类,售罄,
美的鹭湖森林度假区,高明,杨和,高明大道中218号,8600 元/平(均价),总价66万/套起,2室/3室,建面 53-115㎡,住宅,在售,
融创南景湾,三水,三水,佛山市三水区乐平南边大道103号,7200 元/平(均价),,4室,建面 126㎡,住宅,售罄,
瀚洋居,三水,三水,佛山市三水区西南街道锦欣路2号,8400 元/平(均价),总价67万/套起,3室,建面 80-122㎡,住宅,在售,
林上湾,顺德,北滘,北滘镇木华路1号,15000 元/平(均价),总价70万/套起,1室/2室,建面 45-103㎡,商业类,在售,
富星半岛,高明,荷城,高明大道东492号,9000 元/平(均价),,,,住宅,在售,
云山峰境四期,南海,丹灶,丹灶镇云峰路1号,11600 元/平(均价),总价185万/套起,4室,建面 128-172㎡,住宅,在售,
捷和广场,三水,三水,三水西南街道南丰大道23号,9500 元/平(均价),,,,住宅,售罄,
涛汇尚品,高明,荷城,顺安路30号,9000 元/平(均价),,,,住宅,售罄,
桂南雅都,南海,九江,大正路南74号,9500 元/平(均价),,3室,建面 97-115㎡,住宅,售罄,
美的联诚智汇家,南海,大沥,桂和路水头段,价格待定,总价150万/套起,2室/3室,建面 64-93㎡,住宅,未开盘,
明智大厦,三水,西南街道,佛山市三水区西南街道三兴路16号,8800 元/平(均价),,,,住宅,售罄,
松晖名苑,南海,狮山,松岗松石路1号,16000 元/平(均价),,,,住宅,售罄,
卓远广场,禅城,石湾,季华三路63号,15000 元/平(均价),,1室,建面 28-38㎡,商业类,售罄,
融创望江府,禅城,石湾,季华北路39号,12000 元/平(均价),,3室/4室,建面 95-160㎡,住宅,售罄,
恒大御湖郡,三水,北江新区,佛山市三水区西南街道西青大道8号B地块,价格待定,,,,住宅,售罄,
万景豪园,三水,三水,佛山市三水区云东海街道鲁村路6号,7200 元/平(均价),总价65万/套起,2室,建面 90㎡,住宅,售罄,
上林一品,南海,丹灶,丹灶镇迎金一路1号,14000 元/平(均价),总价130万/套起,3室/4室,建面 93-143㎡,住宅,在售,
绿地丽雅香榭花城,南海,狮山,小塘三环东路10号,13600 元/平(均价),,2室/3室/4室,建面 82-117㎡,住宅,售罄,
千灯墅,南海,千灯湖,海七路6号水韵尚都,价格待定,,,,住宅,售罄,
鸿安御花园,三水,北江新区,西青大道23号,10000 元/平(均价),总价105万/套起,3室/4室,建面 93-144㎡,住宅,在售,
龙江碧桂园华府,顺德,龙江,325国道与丰华南路交汇处,15000 元/平(均价),,5室,建面 194㎡,住宅,售罄,
碧桂园联丰天汇湾,高明,荷城,怡乐路888号,9300 元/平(均价),总价133万/套起,4室,建面 143㎡,住宅,在售,
颐澳湾,三水,北江新区,西南文锋西路与口岸大道交汇处,价格待定,,,,住宅,售罄,
碧桂园岭南盛世,禅城,祖庙,兆祥路33号,26000 元/平(均价),,,,住宅,在售,
雍翠新城,三水,三水,佛山市三水区乐平镇乐南路3号,11000 元/平(均价),总价43万/套起,2室/3室/4室,建面 45-130㎡,住宅,在售,
凯茵花园,顺德,勒流,成才路1号,13000 元/平(均价),总价130万/套起,3室/4室,建面 88-136㎡,住宅,在售,
万豪广场,三水,三水,大兴大道98号（大塘镇政府旁）,7200 元/平(均价),,2室/3室,建面 79-119㎡,商业类,售罄,
广域双子星,顺德,大良东区,南屏路11号,18500 元/平(均价),,3室/4室,建面 93-117㎡,住宅,售罄,
欧浦花城,高明,高明,杨西大道133号,6000 元/平(均价),总价58万/套起,3室,建面 99-113㎡,住宅,在售,
乐趣荟广场,南海,大沥,大沥镇商业步行街麦当劳旁,20000 元/平(均价),总价56万/套起,1室,建面 28-42㎡,写字楼,售罄,
盈天广场,禅城,魁奇,魁奇二路6号,13000 元/平(均价),,,,住宅,售罄,
谊泰雅苑,三水,三水,佛山市三水区云东海街道鲁村路10号,10800 元/平(均价),,,,住宅,售罄,
绿地香颂公馆,南海,大沥,体育西路与体育南路交汇处,15000 元/平(均价),,,,住宅,售罄,
富力国际金融中心,南海,千灯湖,海五路28号,22000 元/平(均价),,,,写字楼,在售,
泓信华府,南海,九江,沙头水南桂香路东侧,6300 元/平(均价),总价56万/套起,3室,建面 90-125㎡,住宅,售罄,
南湖花园,顺德,均安,百安北路23号,8000 元/平(均价),,,,住宅,售罄,
太平洋鼎旺中心,顺德,陈村,白陈路2号,16500 元/平(均价),,1室/2室,建面 56-100㎡,商业类,售罄,
佛山勤天汇,高明,荷城,荷富路928号,13000 元/平(均价),,,,住宅,在售,
兆丰豪庭,三水,西南街道,佛山市三水区西南街道芒果岗地块,5600 元/平(均价),总价49万/套起,2室/3室,建面 88-120㎡,住宅,售罄,
丽日广场,禅城,祖庙,桂城街石石肯村一村东东便围工业区,6500 元/平(均价),总价27万/套起,1室,建面 41-333㎡,写字楼,售罄,
明智雅苑,三水,三水,佛山市三水区云东海街道明海路1号,5500 元/平(均价),,,,住宅,售罄,
龙湖首开天宸原著,天河,黄村,大灵山路452号,1350 万/套(总价),,5室,建面 182㎡,别墅,售罄,
星际半岛,顺德,乐从,乐从镇星际路2号,14000 元/平(均价),总价152万/套起,3室/4室,建面 77-160㎡,住宅,在售,
名澳汇锦桃园,南海,狮山,松岗大道北332号,13300 元/平(均价),,2室/3室/4室,建面 90-136㎡,住宅,售罄,
颐德公馆,天河,珠江新城东,花城大道126号-136号(双号),150000 元/平(均价),,7室,建面 400㎡,别墅,售罄,
美的西海岸,高明,荷城,荷富路988号,8500 元/平(均价),总价86万/套起,4室,建面 102-130㎡,住宅,售罄,
万科新城湾畔,顺德,大良新区,德胜中路(容奇大桥附近),价格待定,,2室,建面 77-99㎡,住宅,售罄,
第壹时区,南海,平洲,疏港路28号,价格待定,,1室,建面 45㎡,写字楼,售罄,
兆阳O立方,禅城,朝安,同济东路与朝安路交汇处（区政府通济大院对面）,19500 元/平(均价),,,,商业,售罄,
朗宁郡,顺德,容桂,新有中路70号,11000 元/平(均价),总价104万/套起,4室,建面 95-112㎡,住宅,售罄,
雅居乐新城湾畔,顺德,北滘,北滘镇上僚村委会华阳南路1号,价格待定,,,,住宅,售罄,
新南达大厦,南海,狮山,狮山镇官窑永安大道东2号,9800 元/平(均价),总价51万/套起,2室/3室,建面 52-54㎡,住宅,售罄,
听音湖1号公馆,南海,西樵,西樵镇白云路与锦湖大道交汇处,13500 元/平(均价),总价43万/套起,1室,建面 32-69㎡,商业类,在售,
华创商业广场,南海,盐步,盐步广佛路平地段88号,15000 元/平(均价),,,,写字楼,售罄,
中盈广场,南海,大沥,大沥工业大道6号,13000 元/平(均价),,4室/5室,建面 495㎡,写字楼,售罄,
福朋国际,顺德,陈村,陈村镇大都村委会文登路1号,13500 元/平(均价),,,,住宅,售罄,
粤晖花园,顺德,杏坛,杏坛镇逢简村委会永兴路2号,14000 元/平(均价),,5室,建面 590㎡,住宅,售罄,
勒流碧桂园,顺德,勒流,育贤路3号,15000 元/平(均价),,,,住宅,售罄,
星星凯旋国际,禅城,朝安,星辰路10号,19000 元/平(均价),,3室,建面 92-119㎡,住宅,售罄,
雅瑶绿洲,南海,里水,大沥镇雅瑶绿洲,20000 元/平(均价),总价276万/套起,3室,建面 138㎡,住宅,在售,
国瑞升平,禅城,福升,汾宁路62号,50000 元/平(均价),总价130万/套起,1室,建面 26-68㎡,商业,售罄,
碧桂园钻石湾,顺德,大良新区,迎宾路华桂园南侧,18000 元/平(均价),,4室/7室,建面 688-1168㎡,别墅,售罄,
誉基誉憬湾,高明,荷城,学府路9号,8500 元/平(均价),,,,住宅,在售,
和华·逸林公馆,南海,盐步,南海广佛黄岐新干线北侧和华广场内,17500 元/平(均价),,,,住宅,售罄,
山水庄园,三水,三水,佛山市三水区西南街道三水大道中山水庄园128号,11000 元/平(均价),,4室,建面 398㎡,别墅,售罄,
珠江科技数码城,南海,里水,南海里水大道南51号,8300 元/平(均价),,,,住宅,售罄,
金茂绿岛湖,禅城,南庄,科润路南北、佛山一环以东、东平水道,价格待定,总价364万/套起,5室,建面 243㎡,别墅,售罄,
万达广场,南海,千灯湖,佛山市南海区桂城街道桂澜北路28号万达广场,价格待定,,,,商业类,售罄,
岭南天地,禅城,祖庙,人民路岭南天地销售中心,38000 元/平(均价),总价1500万/套起,4室,建面 259-398㎡,别墅,售罄,
君御海城,高明,荷城,沿江中路666号,9500 元/平(均价),总价130万/套起,3室,建面 97-155㎡,住宅,在售,
中企绿色总部,南海,里水,佛山一环东线旁,12000 元/平(均价),总价244万/套起,1室/4室,建面 188-262㎡,写字楼,售罄,
碧桂园翡翠山,三水,三水,佛山市三水区东云海街道森林公园里,11500 元/平(均价),总价108万/套起,3室/4室,建面 94-461㎡,住宅,在售,
莱福水岸城邦,三水,三水,三水大塘镇锦塘路东侧,价格待定,,,,住宅,售罄,
碧桂园·总部新翼广场,顺德,顺德碧桂园,碧桂园大道1号,12000 元/平(均价),,,,商业,售罄,
保利东湾东瑞广场,顺德,乐从,佛山新城裕和路与文华南路交汇处,13800 元/平(均价),,1室,建面 50-69㎡,商业类,售罄,
中海凤凰熙岸,禅城,石湾,华宝南路海湾城南侧智慧公园东侧,19000 元/平(均价),,3室/4室,建面 102-143㎡,住宅,售罄,
美的壹号公馆,顺德,北滘,木华路与仁昌路交界处,价格待定,,3室,建面 91-115㎡,住宅,售罄,
星港城,南海,金沙洲,黄岐建设大道星港国际广场,60000 元/平(均价),,,,商业,售罄,
广佛智城国际电商采购中心,南海,大沥,南海大沥镇广佛路与桂和路交汇处广佛国际商贸城中心,17500 元/平(均价),,1室,建面 42-49㎡,商业,售罄,
恒大御湖湾,南海,西樵,樵山大道与锦湖大道交叉口向南20米路西,16500 元/平(均价),总价163万/套起,3室,建面 92-148㎡,住宅,在售,
星豪湾,顺德,均安,东堤南路22号（体育公园附近）,9000 元/平(均价),,,,住宅,售罄,
创越时代,南海,平洲,桂城街道夏南路61号（与佛平三路交汇处）,12500 元/平(均价),总价183万/套起,1室,建面 147-184㎡,写字楼,售罄,
中怡新天地,顺德,大良南区,永同路1号,16000 元/平(均价),总价155万/套起,3室/4室,建面 97-129㎡,住宅,在售,
美誉紫薇花园,禅城,石湾,石湾镇工农路,16000 元/平(均价),,,,住宅,售罄,
碧桂园凤凰城半山一号院,增城,凤凰城,广园东快速路（广园路、广深高速新塘出口）,1300 万/套(总价),,5室,建面 498㎡,别墅,售罄,
康格斯花园橡树湾,顺德,大良西北区,105国道大良路段(大良古楼旁),15000 元/平(均价),总价127万/套起,3室/4室,建面 88-153㎡,住宅,在售,
美誉紫薇花园,禅城,石湾,石湾镇工农路,20000 元/平(均价),,1室/2室/3室,建面 46-123㎡,底商,售罄,
中海山语湖,南海,里水,佛山南海里水和顺美景大道,20000 元/平(均价),总价1140万/套起,4室,建面 570㎡,别墅,在售,
天马河公馆,花都,铁路西,新街大道望亭路15号,18000 元/平(均价),,,,住宅,在售,
丽日坚美森林湖,三水,三水,三水区云东海大道6号,11000 元/平(均价),总价181万/套起,4室,建面 88-165㎡,住宅,在售,
新凯广场,南海,千灯湖,永胜西路22号,16500 元/平(均价),总价68万/套起,1室/3室,建面 48-91㎡,写字楼,在售,
中鼎君和名城,黄埔,黄埔区府,大沙东路青少年宫对面（大沙东地铁站D出口前行100米）,价格待定,,,,住宅,售罄,
涟岸,禅城,南庄,科润路10号,600 万/套(总价),总价624万/套起,5室,建面 390㎡,别墅,在售,
丽日坚美森林湖,三水,三水,三水区云东海大道6号,20000 元/平(均价),总价688万/套起,5室,建面 380㎡,别墅,在售,
北部万科城,清城区,龙塘,广清高速龙塘出口右转三公里,8500 元/平(均价),总价77万/套起,2室/3室/4室,建面 67-110㎡,住宅,在售,
嘉兰轩,越秀,人民路,"大新路386号, 大新路388号, 大新路390号",53000 元/平(均价),总价268万/套起,1室/2室/3室,建面 50-125㎡,住宅,在售,
锦林山庄,黄埔,科学城,荔芳一街（二街）锦林山庄,价格待定,,,,住宅,售罄,
文德先生,越秀,越秀南,文德南路82号（文德南路与珠光路交界处）,80000 元/平(均价),总价231万/套起,1室/2室,建面 33-188㎡,住宅,在售,
中铁诺德中心,番禺,万博,兴南大道与万博四路交汇处南行100米（番禺万达广场旁）,40000 元/平(均价),,,,写字楼,在售,
时代名著,南海,桂城北（南海广场）,南海大道与海三路交界处,22000 元/平(均价),,3室/4室,建面 96-143㎡,住宅,售罄,
碧桂园珑悦,顺德,龙江,隔海路（城区小学旁）,14700 元/平(均价),,2室/3室/4室,建面 89-128㎡,住宅,售罄,
连城湾,南海,盐步,盐步街道荣阳大街22号（海傍路旁）,18700 元/平(均价),总价167万/套起,3室/4室,建面 88-136㎡,住宅,在售,
美的翰湖苑,南海,丹灶,丹灶镇建沙路西三区1号,12500 元/平(均价),总价150万/套起,3室/4室,建面 89-163㎡,住宅,在售,
东联大厦,顺德,杏坛,二环路8号,10000 元/平(均价),总价53万/套起,1室,建面 53㎡,商业类,在售,
万科城市之光,南海,罗村,光明新城罗村大道中（长信银湾北侧）,15999 元/平(均价),总价144万/套起,3室/4室,建面 85-115㎡,住宅,在售,
华夏中央广场,禅城,南庄,陶博大道23号,13000 元/平(均价),,,,写字楼,在售,
灯湖领秀,南海,千灯湖,南海大道与海六路交汇处,65000 元/平(均价),,,,底商,在售,
万科又一城,禅城,南庄,南庄大道西9号,15000 元/平(均价),,3室/4室,建面 90-124㎡,住宅,售罄,
时代柏林,番禺,桥南,福贤路（南区公园南侧）,38000 元/平(均价),总价610万/套起,4室,建面 113-144㎡,住宅,在售,
丽日天鹅湖,三水,三水,佛山市三水区云东海街道学海中路8号,18000 元/平(均价),,5室,建面 247-297㎡,别墅,售罄,
欧雅右岸春天,三水,西南街道,三水西南金太阳酒店东侧碧雅路,11250 元/平(均价),总价140万/套起,4室,建面 88-169㎡,住宅,在售,
雅居乐雅湖半岛,三水,三水,佛山市三水区西南街道德兴北路2号,11000 元/平(均价),,,,住宅,售罄,
奥园香雪华府,黄埔,香雪,开萝大道与香雪大道交汇处,39000 元/平(均价),总价434万/套起,3室,建面 96-132㎡,住宅,在售,
万科美的西江悦花园,高明,荷城,明国路77号,11500 元/平(均价),,3室/4室,建面 90-120㎡,住宅,售罄,
三水万达广场,三水,三水,南丰大道与翠云路交界三水万达广场,8500 元/平(均价),,,,商业类,售罄,
保利雲上,三水,三水,佛山市三水区云东海街道学海中路1号云东海高尔夫花园,价格待定,,6室,建面 300㎡,别墅,售罄,
保利碧桂园天汇,禅城,魁奇,石湾街道东平路三路9、11、13号、15号,22000 元/平(均价),总价260万/套起,4室,建面 130-169㎡,住宅,在售,
祈福南湾半岛,南海,丹灶,丹灶镇祈福南湾,15000 元/平(均价),总价130万/套起,2室/3室/4室,建面 74-192㎡,住宅,在售,
旭辉公元,禅城,汾江北,祖庙街道汾江北路82号,17500 元/平(均价),总价197万/套起,4室,建面 116㎡,住宅,在售,
绿地璀璨天城,禅城,湖景,季华六路与镇安西路交界,19000 元/平(均价),,4室,建面 170-235㎡,住宅,售罄,
力合科技园,南海,狮山,南海狮山大学城信息大道与桃园路交界,7000 元/平(均价),,,,写字楼,在售,
欣荣宏御泉湾,从化,温泉镇,御泉湾(冲口路西100米),12000 元/平(均价),总价139万/套起,3室/4室,建面 127-163㎡,住宅,在售,
新世界天逸,天河,天河公园,天府路31号（天河公园西门、区政府旁）,73000 元/平(均价),总价1475万/套起,4室,建面 172-212㎡,住宅,在售,
保利诺丁山,南海,平洲,三山新城港口路与环岛南路交汇处,25000 元/平(均价),总价185万/套起,2室/3室,建面 75-100㎡,住宅,在售,
方圆泉溪月岛,从化,温泉镇,流溪河半岛 距广东温泉宾馆驾车约4.5公里,价格待定,,,,别墅,售罄,
合和新城,花都,镜湖大道,迎宾大道3号,23000 元/平(均价),总价135万/套起,1室,建面 75-84㎡,住宅,在售,
罗村花半里,南海,罗村,罗村塱新大道3号,12000 元/平(均价),,,,住宅,售罄,
海伦堡海汇广场,南海,平洲,佛平四路和聚元北路南延线交汇处,14000 元/平(均价),,1室/2室/3室/4室,建面 42-114㎡,商业类,售罄,
高明雅居蓝湾,高明,杨和,杨西大道501号,8500 元/平(均价),,3室/4室,建面 93-140㎡,住宅,售罄,
南沙湾御苑,南沙,南沙港,进港大道和港前大道交汇处,29000 元/平(均价),总价310万/套起,3室/4室,建面 97-138㎡,住宅,在售,
碧桂园云麓半山,南沙,环市大道西,黄山鲁森林公园西门,25000 元/平(均价),总价380万/套起,4室,建面 140-200㎡,住宅,在售,
富力金街28,白云,金沙洲,环洲三路中海金沙馨园对面,53000 元/平(均价),,,,商业,在售,
融创御园,增城,朱村,朱村大道中57号,18500 元/平(均价),,4室,建面 121㎡,住宅,售罄,
新世界云逸,白云,嘉禾望岗,白云新城CBD嘉禾望岗地铁A出口300米,57500 元/平(均价),总价605万/套起,3室/4室,建面 121-180㎡,住宅,在售,
万科云,天河,岑村,华观路与高唐路交汇处,26000 元/平(均价),,,,写字楼,售罄,
金钻商贸公寓,顺德,乐从,乐从大道东A106号,16000 元/平(均价),总价68万/套起,1室/2室,建面 43-84㎡,住宅,在售,
力合阳光城云谷,顺德,大良东区,大良街道办事处逢沙村委会智城路9号云谷广场,18500 元/平(均价),,3室,建面 93-124㎡,住宅,售罄,
三水冠军城,三水,西南街道,佛山市三水区西南街道健力宝南路44号,12000 元/平(均价),总价103万/套起,3室/4室,建面 86-138㎡,住宅,在售,
华福熹云水岸,南海,大沥,大沥镇四季路2号,20000 元/平(均价),总价146万/套起,3室,建面 93-123㎡,住宅,在售,
元邦山清水秀,花都,狮岭镇,山前大道1242号,13000 元/平(均价),总价520万/套起,5室,建面 342㎡,别墅,在售,
富力天海湾,南沙,环市大道西,工业一路塘坑A出口900米处,22000 元/平(均价),,,,商业,在售,
三水保利中央公园,三水,三水,佛山市三水区西南街道,12000 元/平(均价),总价107万/套起,3室/4室,建面 89-141㎡,住宅,在售,
美的明湖,高明,荷城,荷富路888号,12000 元/平(均价),总价126万/套起,3室/4室,建面 105-141㎡,住宅,在售,
碧桂园琥珀湾,增城,石滩镇,江龙大道北碧桂园琥珀湾,价格待定,,4室,建面 129㎡,住宅,售罄,
苹果公馆,禅城,季华,影荫路一街1号（广佛线季华园C出口）,16800 元/平(均价),总价63万/套起,1室/2室,建面 38-40㎡,商业类,在售,
广州星河丹堤,南沙,环市大道西,黄山鲁森林公园内广州星河丹堤,46000 元/平(均价),总价2500万/套起,5室,建面 592㎡,别墅,在售,
中旅山湖中央,南海,西樵,西樵西岸银湖南8号,8200 元/平(均价),,1室,建面 62-84㎡,住宅,售罄,
敏捷金谷国际,禅城,汾江北,禅城汾江北路32号,15000 元/平(均价),总价132万/套起,3室,建面 88-96㎡,住宅,在售,
合景天銮,顺德,北滘,木华路2号,24500 元/平(均价),总价201万/套起,3室/4室,建面 94-188㎡,住宅,在售,
港航华庭,南沙,南沙港,进港大道582号,48000 元/平(均价),,,,底商,在售,
佳兆业天墅,白云,同和,同宝路8号,72000 元/平(均价),总价1700万/套起,5室,建面 240-252㎡,住宅,在售,
碧桂园海湾1号,南沙,南沙港,港前大道碧桂园海湾1号,35000 元/平(均价),,,,底商,在售,
中交蓝色海湾,南沙,南沙港,港前大道南沙客运港对面,价格待定,,3室,建面 92㎡,住宅,未开盘,
碧桂园蜜柚,南沙,进港大道,进港大道北侧（南沙碧桂园对面）,20000 元/平(均价),,,,底商,售罄,
晴海岸,南沙,南沙科技园,安捷利地块南侧晴海岸,26000 元/平(均价),,,,底商,在售,
越先生的街,南沙,金洲,双山大道与祈丰路交汇处,50000 元/平(均价),,,,底商,在售,
花城金沙汇,白云,金沙洲,金沙洲路111号,50000 元/平(均价),,,,商业,在售,
凯德新玥,南沙,榄核镇,蔡新路与广场路交界,25000 元/平(均价),,,,底商,在售,
招鑫富荔广场,黄埔,开发西区,青年路168号,价格待定,,,,底商,未开盘,
越秀滨海御城二区,南沙,金洲,双山大道与祈丰路交汇处滨海御城,33000 元/平(均价),,5室,建面 142㎡,住宅,售罄,
雅居乐融创三江府,三水,西南街道,佛山市三水区西南街道广海大道东30号,12000 元/平(均价),总价145万/套起,4室,建面 95-129㎡,住宅,在售,
绿地未来城,禅城,张槎,昌荣路20号,10000 元/平(均价),总价42万/套起,1室/2室/3室,建面 41-115㎡,商业类,在售,
朝安碧桂园,禅城,南桂西,兆祥路101号,15000 元/平(均价),,2室,建面 37㎡,商业类,售罄,
金茂绿岛湖,禅城,南庄,科润路南北、佛山一环以东、东平水道,17500 元/平(均价),总价415万/套起,,,住宅,在售,
海伦堡爱Park,南海,平洲,涌源南路与环岛西路交界处海伦堡爱Park,17500 元/平(均价),总价64万/套起,1室/2室/3室,建面 37-85㎡,商业类,在售,
汇金中心,天河,金融城,黄埔大道与科韵路交界,25000 万/套(总价),,,,底商,在售,
观景豪园,三水,西南街道,佛山市三水区西南街道兴达路11号,12000 元/平(均价),总价115万/套起,2室/3室/4室,建面 96-150㎡,住宅,在售,
金湾豪庭,顺德,均安,西堤路73号,11000 元/平(均价),总价120万/套起,4室,建面 104-137㎡,住宅,在售,
银钻广场,顺德,伦教,伦教街道办事处霞石村委会新基北路6号,20500 元/平(均价),,1室,建面 32-36㎡,商业类,售罄,
葛洲坝广州紫郡府,荔湾,西朗,广钢新城求实一横路,50000 元/平(均价),总价515万/套起,4室,建面 103-144㎡,住宅,在售,
绿地珑玥府,增城,荔城增江,大道南（纬四路口）,23000 元/平(均价),总价225万/套起,3室,建面 98-138㎡,住宅,在售,
依山小筑,南沙,进港大道,富佳东街和富佳北街交汇处,21000 元/平(均价),,2室/3室,建面 64-76㎡,住宅,售罄,
枫桦雅居,清城区,城西商贸区,国泰路义务商务城A区北侧枫桦雅居,8500 元/平(均价),总价108万/套起,4室,建面 128㎡,住宅,在售,
乐平碧桂园,三水,三水,佛山市三水区乐平镇新城大道北2号,11700 元/平(均价),,3室/4室,建面 89-124㎡,住宅,售罄,
智慧新城,禅城,石湾,季华一路28号,13000 元/平(均价),,5室,建面 358㎡,住宅,售罄,
万科桃源里,增城,派潭镇,派潭大道中与256省道交叉口西100米,12000 元/平(均价),总价85万/套起,2室/3室,建面 71-120㎡,住宅,在售,
金茂公馆,清城区,新城,新城静福路14号金茂公馆,12000 元/平(均价),总价50万/套起,1室,建面 41㎡,住宅,在售,
碧桂园星钻,番禺,市桥北,市桥东环路与光明北路交汇处（城北公园南侧）,价格待定,,,,住宅,下期待开,
侨建Hi·City,海珠,南洲,南洲路158号（南洲地铁站旁）,47000 元/平(均价),,,,写字楼,售罄,
保利世贸G座,海珠,琶洲,新港东路1000号,31000 元/平(均价),,,,写字楼,售罄,
保利天悦叁悦广场,海珠,万胜围,阅江路琶洲塔公园旁,45000 元/平(均价),,,,写字楼,售罄,
成卓世纪中心,南沙,金洲,进港大道和海滨路交界处,23000 元/平(均价),,,,写字楼,售罄,
保利高尔夫郡,花都,铁路西,风神大道保利高尔夫郡,30000 元/平(均价),总价1200万/套起,5室,建面 400-480㎡,别墅,在售,
南航碧花园D区,花都,狮岭镇,狮岭镇山前大道189号,16000 元/平(均价),,3室,建面 240㎡,别墅,售罄,
香樟林语,清城区,清城,东城锦兴路1号,8600 元/平(均价),总价84万/套起,3室,建面 98-105㎡,住宅,在售,
泰禾佛山院子,顺德,乐从,天虹路38号,21000 元/平(均价),总价275万/套起,3室/4室,建面 92-183㎡,住宅,未开盘,
招商雍景湾,黄埔,知识城,竹山路355号,23000 元/平(均价),总价210万/套起,3室/4室,建面 89-217㎡,住宅,在售,
保利鱼珠港,黄埔,鱼珠,黄埔大道东840号,36000 元/平(均价),,,,写字楼,在售,
港航中心,黄埔,鱼珠,黄埔大道东983号,39000 元/平(均价),,,,写字楼,在售,
奥园誉峯,增城,永和,新塘镇永和路永平路29号,18000 元/平(均价),总价204万/套起,4室,建面 94-119㎡,住宅,在售,
祈福新村活力花园,番禺,祈福新村,市广路祈福新邨学院路（祈福英语实验学校旁）,价格待定,,,,住宅,售罄,
珊瑚湾畔珊瑚天峰,番禺,夏滘,沙溪大道珊瑚湾畔珊瑚天峰,价格待定,,,,住宅,售罄,
祈福新村祈福名都,番禺,祈福新村,市广路祈福新村祈福名都,36000 元/平(均价),总价315万/套起,3室,建面 87-163㎡,住宅,在售,
流溪半岛,白云,人和,人和镇江人三路1010-1018号,26000 元/平(均价),总价209万/套起,2室/3室,建面 87-160㎡,住宅,在售,
珠江嘉园,黄埔,科学城,永和大道珠江嘉园,25000 元/平(均价),,,,底商,在售,
天马河公馆,花都,铁路西,新街大道望亭路15号,18000 元/平(均价),,,,住宅,在售,
时代康桥,花都,狮岭镇,狮岭镇金狮大道20号,14000 元/平(均价),总价105万/套起,2室/3室,建面 81-112㎡,住宅,在售,
绿地新里缇香公馆,花都,旧区,建设北路178号(建设北路与紫薇路交汇处),20500 元/平(均价),总价400万/套起,4室,建面 187㎡,住宅,在售,
天誉半岛花园,海珠,洪德,同福西路16号（滨江西路三江交汇处，洲头咀公园旁）,120000 元/平(均价),总价4440万/套起,5室,建面 350-440㎡,住宅,在售,
金茂湾,南沙,南沙区府,凤凰大道外国语学院南侧300米,25000 元/平(均价),,,,商业,在售,
富凯星堤,荔湾,东塱,东沙荷景路1-2号,26000 元/平(均价),,,,商业类,在售,
珠江东境花园,天河,车陂,科韵北路渔民新村旁,2100 万/套(总价),总价2309万/套起,4室,建面 235㎡,住宅,在售,
